addr1_packet_ctrl, addr1_bytes_ctrl, addr1_packet, addr1_bytes, addr1_pkt_len_min, addr1_pkt_len_max, addr1_pkt_len_avg,addr1_pkt_len_var, addr1_pkt_len_mom2, addr2_packet_ctrl, addr2_bytes_ctrl, addr2_packet, addr2_bytes, addr2_pkt_len_min, addr2_pkt_len_max, addr2_pkt_len_avg,addr2_pkt_len_var, addr2_pkt_len_mom2, addra_packet_ctrl, addra_bytes_ctrl, addra_packet, addra_bytes, addra_pkt_len_min, addra_pkt_len_max, addra_pkt_len_avg,addra_pkt_len_var, addra_pkt_len_mom2 
0, 0, 0, 0, 0, 0, 0, 0, 0, 1, 56, 0, 0, 0, 0, 0, 0, 0, 1, 56, 0, 0, 0, 0, 0, 0, 0
0, 0, 0, 0, 0, 0, 0, 0, 0, 0, 0, 0, 0, 0, 0, 0, 0, 0, 0, 0, 0, 0, 0, 0, 0, 0, 0
0, 0, 0, 0, 0, 0, 0, 0, 0, 0, 0, 0, 0, 0, 0, 0, 0, 0, 0, 0, 0, 0, 0, 0, 0, 0, 0
0, 0, 0, 0, 0, 0, 0, 0, 0, 0, 0, 0, 0, 0, 0, 0, 0, 0, 0, 0, 0, 0, 0, 0, 0, 0, 0
0, 0, 0, 0, 0, 0, 0, 0, 0, 0, 0, 0, 0, 0, 0, 0, 0, 0, 0, 0, 0, 0, 0, 0, 0, 0, 0
0, 0, 0, 0, 0, 0, 0, 0, 0, 0, 0, 0, 0, 0, 0, 0, 0, 0, 0, 0, 0, 0, 0, 0, 0, 0, 0
0, 0, 0, 0, 0, 0, 0, 0, 0, 0, 0, 0, 0, 0, 0, 0, 0, 0, 0, 0, 0, 0, 0, 0, 0, 0, 0
0, 0, 0, 0, 0, 0, 0, 0, 0, 0, 0, 0, 0, 0, 0, 0, 0, 0, 0, 0, 0, 0, 0, 0, 0, 0, 0
0, 0, 0, 0, 0, 0, 0, 0, 0, 0, 0, 0, 0, 0, 0, 0, 0, 0, 0, 0, 0, 0, 0, 0, 0, 0, 0
0, 0, 0, 0, 0, 0, 0, 0, 0, 0, 0, 0, 0, 0, 0, 0, 0, 0, 0, 0, 0, 0, 0, 0, 0, 0, 0
0, 0, 1, 120, 120, 120, 120.0, 0.0, 14400.0, 1, 56, 0, 0, 0, 0, 0, 0, 0, 1, 56, 1, 120, 120, 120, 120.0, 0.0, 14400.0
0, 0, 0, 0, 0, 0, 0, 0, 0, 0, 0, 0, 0, 0, 0, 0, 0, 0, 0, 0, 0, 0, 0, 0, 0, 0, 0
0, 0, 0, 0, 0, 0, 0, 0, 0, 0, 0, 0, 0, 0, 0, 0, 0, 0, 0, 0, 0, 0, 0, 0, 0, 0, 0
0, 0, 0, 0, 0, 0, 0, 0, 0, 0, 0, 0, 0, 0, 0, 0, 0, 0, 0, 0, 0, 0, 0, 0, 0, 0, 0
0, 0, 0, 0, 0, 0, 0, 0, 0, 0, 0, 0, 0, 0, 0, 0, 0, 0, 0, 0, 0, 0, 0, 0, 0, 0, 0
0, 0, 0, 0, 0, 0, 0, 0, 0, 0, 0, 0, 0, 0, 0, 0, 0, 0, 0, 0, 0, 0, 0, 0, 0, 0, 0
0, 0, 0, 0, 0, 0, 0, 0, 0, 0, 0, 0, 0, 0, 0, 0, 0, 0, 0, 0, 0, 0, 0, 0, 0, 0, 0
0, 0, 0, 0, 0, 0, 0, 0, 0, 0, 0, 0, 0, 0, 0, 0, 0, 0, 0, 0, 0, 0, 0, 0, 0, 0, 0
0, 0, 0, 0, 0, 0, 0, 0, 0, 0, 0, 0, 0, 0, 0, 0, 0, 0, 0, 0, 0, 0, 0, 0, 0, 0, 0
0, 0, 0, 0, 0, 0, 0, 0, 0, 0, 0, 0, 0, 0, 0, 0, 0, 0, 0, 0, 0, 0, 0, 0, 0, 0, 0
0, 0, 0, 0, 0, 0, 0, 0, 0, 0, 0, 0, 0, 0, 0, 0, 0, 0, 0, 0, 0, 0, 0, 0, 0, 0, 0
0, 0, 0, 0, 0, 0, 0, 0, 0, 0, 0, 0, 0, 0, 0, 0, 0, 0, 0, 0, 0, 0, 0, 0, 0, 0, 0
0, 0, 0, 0, 0, 0, 0, 0, 0, 0, 0, 0, 0, 0, 0, 0, 0, 0, 0, 0, 0, 0, 0, 0, 0, 0, 0
0, 0, 0, 0, 0, 0, 0, 0, 0, 0, 0, 0, 0, 0, 0, 0, 0, 0, 0, 0, 0, 0, 0, 0, 0, 0, 0
0, 0, 0, 0, 0, 0, 0, 0, 0, 0, 0, 0, 0, 0, 0, 0, 0, 0, 0, 0, 0, 0, 0, 0, 0, 0, 0
0, 0, 0, 0, 0, 0, 0, 0, 0, 0, 0, 0, 0, 0, 0, 0, 0, 0, 0, 0, 0, 0, 0, 0, 0, 0, 0
0, 0, 0, 0, 0, 0, 0, 0, 0, 0, 0, 0, 0, 0, 0, 0, 0, 0, 0, 0, 0, 0, 0, 0, 0, 0, 0
0, 0, 0, 0, 0, 0, 0, 0, 0, 0, 0, 0, 0, 0, 0, 0, 0, 0, 0, 0, 0, 0, 0, 0, 0, 0, 0
0, 0, 0, 0, 0, 0, 0, 0, 0, 0, 0, 0, 0, 0, 0, 0, 0, 0, 0, 0, 0, 0, 0, 0, 0, 0, 0
0, 0, 0, 0, 0, 0, 0, 0, 0, 0, 0, 0, 0, 0, 0, 0, 0, 0, 0, 0, 0, 0, 0, 0, 0, 0, 0
0, 0, 0, 0, 0, 0, 0, 0, 0, 0, 0, 0, 0, 0, 0, 0, 0, 0, 0, 0, 0, 0, 0, 0, 0, 0, 0
0, 0, 0, 0, 0, 0, 0, 0, 0, 0, 0, 0, 0, 0, 0, 0, 0, 0, 0, 0, 0, 0, 0, 0, 0, 0, 0
0, 0, 0, 0, 0, 0, 0, 0, 0, 0, 0, 0, 0, 0, 0, 0, 0, 0, 0, 0, 0, 0, 0, 0, 0, 0, 0
0, 0, 0, 0, 0, 0, 0, 0, 0, 0, 0, 0, 0, 0, 0, 0, 0, 0, 0, 0, 0, 0, 0, 0, 0, 0, 0
0, 0, 9, 1853, 68, 585, 205.88888888888889, 42936.32098765431, 85326.55555555556, 0, 0, 6, 499, 68, 108, 83.16666666666667, 262.13888888888886, 7178.833333333333, 0, 0, 15, 2352, 68, 585, 156.8, 22239.419501133783, 54067.46666666667
0, 0, 6, 933, 68, 585, 155.5, 36902.583333333336, 61082.833333333336, 0, 0, 5, 8255, 68, 2725, 1651.0, 1662303.6, 4388104.6, 0, 0, 11, 9188, 68, 2725, 835.2727272727273, 1576962.65234375, 2027910.9090909092
2, 112, 34, 3834, 68, 533, 112.76470588235294, 10324.88581314879, 23040.764705882353, 0, 0, 39, 48421, 68, 5740, 1241.5641025641025, 3197651.5279421434, 4739132.948717949, 2, 112, 73, 52255, 68, 5740, 715.8219178082192, 2499453.7385204085, 2542596.8630136987
0, 0, 1, 216, 216, 216, 216.0, 0.0, 46656.0, 0, 0, 0, 0, 0, 0, 0, 0, 0, 0, 0, 1, 216, 216, 216, 216.0, 0.0, 46656.0
0, 0, 3, 321, 68, 146, 107.0, 1014.0, 12463.0, 0, 0, 6, 606, 68, 142, 101.0, 723.3333333333334, 10924.333333333334, 0, 0, 9, 927, 68, 146, 103.0, 787.2266666666666, 11437.222222222223
0, 0, 4, 532, 68, 216, 133.0, 2963.5, 20652.5, 0, 0, 5, 535, 68, 153, 107.0, 1236.4, 12685.4, 0, 0, 9, 1067, 68, 216, 118.55555555555556, 1867.816326530612, 16226.333333333334
0, 0, 19, 3014, 68, 585, 158.6315789473684, 25907.285318559556, 51071.26315789474, 1, 56, 16, 7995, 68, 2978, 499.6875, 832694.08984375, 1082381.6875, 1, 56, 35, 11009, 68, 2978, 314.54285714285714, 559316.7827758555, 522527.45714285714
0, 0, 18, 2529, 68, 589, 140.5, 25535.583333333332, 45275.833333333336, 0, 0, 17, 7393, 68, 3850, 434.88235294117646, 787402.3391003461, 976525.0, 0, 0, 35, 9922, 68, 3850, 283.48571428571427, 543293.3265532545, 497596.85714285716
0, 0, 17, 1769, 68, 486, 104.05882352941177, 10359.349480968856, 21187.58823529412, 0, 0, 13, 17090, 68, 5057, 1314.6153846153845, 2480983.00591716, 4209196.615384615, 0, 0, 30, 18859, 68, 5057, 628.6333333333333, 1854537.2320173068, 1835991.5
0, 0, 0, 0, 0, 0, 0, 0, 0, 0, 0, 1, 68, 68, 68, 68.0, 0.0, 4624.0, 0, 0, 1, 68, 68, 68, 68.0, 0.0, 4624.0
1, 56, 1, 84, 84, 84, 84.0, 0.0, 7056.0, 0, 0, 0, 0, 0, 0, 0, 0, 0, 1, 56, 1, 84, 84, 84, 84.0, 0.0, 7056.0
0, 0, 0, 0, 0, 0, 0, 0, 0, 0, 0, 0, 0, 0, 0, 0, 0, 0, 0, 0, 0, 0, 0, 0, 0, 0, 0
1, 56, 5, 1021, 68, 707, 204.2, 63242.56000000001, 104940.2, 0, 0, 3, 276, 68, 132, 92.0, 810.6666666666666, 9274.666666666666, 1, 56, 8, 1297, 68, 707, 162.125, 32310.0, 69065.625
0, 0, 2, 427, 68, 359, 213.5, 21170.25, 66752.5, 0, 0, 2, 1497, 68, 1429, 748.5, 463080.25, 1023332.5, 0, 0, 4, 1924, 68, 1429, 481.0, 379382.4722222222, 545042.5
0, 0, 23, 2679, 68, 585, 116.47826086956522, 21011.55387523629, 34578.739130434784, 0, 0, 29, 68371, 68, 5723, 2357.6206896551726, 2509982.028537456, 8068357.344827586, 0, 0, 52, 71050, 68, 5723, 1366.3461538461538, 2824470.013107758, 4514955.269230769
0, 0, 9, 1528, 68, 539, 169.77777777777777, 18731.728395061727, 47556.22222222222, 0, 0, 6, 1007, 68, 325, 167.83333333333334, 8344.805555555557, 36512.833333333336, 0, 0, 15, 2535, 68, 539, 169.0, 12797.269841269843, 43138.86666666667
0, 0, 50, 10138, 68, 1747, 202.76, 82534.38240000002, 123646.0, 1, 56, 40, 23425, 68, 4467, 585.625, 1472537.184375, 1815493.825, 1, 56, 90, 33563, 68, 4467, 372.9222222222222, 972615.5405917161, 875578.3666666667
0, 0, 26, 4053, 68, 585, 155.8846153846154, 22963.717455621307, 47263.730769230766, 0, 0, 19, 11587, 68, 5209, 609.8421052631579, 1583014.9750692518, 1954922.3684210526, 0, 0, 45, 15640, 68, 5209, 347.55555555555554, 998952.2751464844, 852719.6
0, 0, 29, 3110, 68, 585, 107.24137931034483, 11939.148632580262, 23439.862068965518, 0, 0, 34, 53251, 68, 5740, 1566.2058823529412, 3021216.6929065743, 5474217.55882353, 0, 0, 63, 56361, 68, 5740, 894.6190476190476, 2567657.009884154, 2965129.412698413
0, 0, 49, 10474, 68, 1523, 213.75510204081633, 75669.98084131611, 121361.22448979592, 0, 0, 57, 71843, 68, 16724, 1260.4035087719299, 6308566.100338566, 7897183.105263158, 0, 0, 106, 82317, 68, 16724, 776.5754716981132, 4665191.123565056, 4302699.405660378
0, 0, 91, 16643, 68, 1742, 182.8901098901099, 59704.91100108683, 93153.7032967033, 0, 0, 101, 181157, 68, 20888, 1793.6336633663366, 15356460.489559848, 18573582.207920793, 0, 0, 192, 197800, 68, 20888, 1030.2083333333333, 11161124.601334902, 9814629.114583334
0, 0, 56, 10976, 68, 836, 196.0, 47021.392857142855, 85437.39285714286, 0, 0, 59, 20487, 68, 3849, 347.23728813559325, 489378.07928756106, 609951.813559322, 0, 0, 115, 31463, 68, 3849, 273.5913043478261, 352002.5793367684, 354536.0956521739
0, 0, 55, 8794, 68, 618, 159.8909090909091, 28505.988099173555, 54071.09090909091, 0, 0, 58, 18792, 68, 2939, 324.0, 303577.1724137931, 408553.1724137931, 0, 0, 113, 27586, 68, 2939, 244.12389380530973, 220980.14616463182, 236017.64601769912
2, 112, 35, 9759, 68, 1832, 278.8285714285714, 154369.39918367346, 232114.77142857143, 0, 0, 30, 21182, 68, 4195, 706.0666666666667, 1445878.728888889, 1944408.8666666667, 2, 112, 65, 30941, 68, 4195, 476.0153846153846, 1012532.4128531856, 1022404.3538461538
0, 0, 126, 20303, 68, 1999, 161.13492063492063, 71166.32306626353, 97130.78571428571, 0, 0, 139, 775300, 68, 23236, 5577.697841726619, 44708157.131721966, 75818870.34532374, 0, 0, 264, 795535, 68, 23236, 3013.3901515151515, 37138945.29618432, 39966124.36742424
0, 0, 197, 19808, 68, 1229, 100.5482233502538, 18883.699451158234, 28993.644670050762, 0, 0, 324, 2841116, 68, 26132, 8768.876543209877, 52074797.744017676, 128967993.57407407, 0, 0, 521, 2860924, 68, 26132, 5491.216890595009, 53372474.1106824, 80213707.61228406
0, 0, 122, 12077, 68, 594, 98.99180327868852, 14813.663867239991, 24613.04098360656, 0, 0, 195, 958286, 68, 16510, 4914.28717948718, 11067166.820092045, 35217385.3025641, 0, 0, 317, 970363, 68, 16510, 3061.082018927445, 12642127.841976166, 21673163.80126183
0, 0, 10, 3360, 68, 1647, 336.0, 233391.8, 346287.8, 0, 0, 7, 16873, 68, 5562, 2410.4285714285716, 5744029.959183673, 11554195.857142856, 0, 0, 17, 20233, 68, 5562, 1190.1764705882354, 4493860.493055556, 4961308.764705882
0, 0, 6, 4126, 68, 1983, 687.6666666666666, 409667.22222222225, 882552.6666666666, 0, 0, 6, 2145, 68, 1446, 357.5, 243881.58333333334, 371687.8333333333, 0, 0, 12, 6271, 68, 1983, 522.5833333333334, 323367.9135802469, 627120.25
0, 0, 80, 9555, 68, 1240, 119.4375, 35723.17109375, 49988.4875, 0, 0, 123, 760959, 68, 16510, 6186.658536585366, 19594258.2899068, 57869002.138211384, 0, 0, 203, 770514, 68, 16510, 3795.6354679802957, 21611244.735415332, 35083183.950738914
0, 0, 141, 12274, 68, 1262, 87.04964539007092, 13797.664202001908, 21375.304964539006, 0, 0, 374, 1483005, 68, 17384, 3965.2540106951874, 13951777.06649461, 29675016.435828876, 0, 0, 514, 1495211, 68, 17384, 2908.9708171206225, 13751623.026093664, 21598181.791828793
0, 0, 69, 5932, 68, 594, 85.97101449275362, 6577.970174333122, 13968.985507246376, 0, 0, 120, 756321, 68, 16510, 6302.675, 21853015.402708333, 61576727.55833333, 0, 0, 189, 762253, 68, 16510, 4033.084656084656, 23677600.307809934, 39101434.746031746
0, 0, 96, 11438, 68, 1572, 119.14583333333333, 47770.99956597222, 61966.729166666664, 0, 0, 120, 1086078, 68, 21788, 9050.65, 46469214.41083333, 128383479.83333333, 0, 0, 216, 1097516, 68, 21788, 5081.092592592592, 49485897.24826388, 71351696.23148148
0, 0, 15, 1020, 68, 68, 68.0, 0.0, 4624.0, 0, 0, 19, 214317, 317, 23236, 11279.842105263158, 52415600.027700834, 179650437.9473684, 0, 0, 34, 215337, 68, 23236, 6333.441176470588, 63089034.67070132, 100394931.79411764
0, 0, 22, 3068, 68, 592, 139.45454545454547, 32336.429752066117, 51784.0, 0, 0, 23, 199353, 68, 23236, 8667.521739130434, 44426813.29300567, 119552746.39130434, 0, 0, 45, 202421, 68, 23236, 4498.2444444444445, 45980993.187716275, 61130053.666666664
0, 0, 68, 5148, 68, 592, 75.70588235294117, 3978.5017301038015, 9709.882352941177, 0, 0, 84, 751597, 1516, 23236, 8947.583333333334, 41870862.9811508, 121930110.48809524, 0, 0, 152, 756745, 68, 23236, 4978.585526315789, 45952047.82856936, 67386773.375
0, 0, 71, 7087, 68, 704, 99.8169014084507, 17076.03689744099, 27039.450704225354, 0, 0, 213, 1497773, 103, 20340, 7031.7981220657275, 39723827.86065375, 89170012.69014084, 0, 0, 284, 1504860, 68, 20340, 5298.802816901409, 39935397.63810225, 66884269.38028169
0, 0, 1, 68, 68, 68, 68.0, 0.0, 4624.0, 0, 0, 1, 317, 317, 317, 317.0, 0.0, 100489.0, 0, 0, 2, 385, 68, 317, 192.5, 13778.0, 52556.5
0, 0, 5, 2177, 68, 857, 435.4, 99351.84, 288925.0, 0, 0, 7, 66249, 1516, 17444, 9464.142857142857, 44423129.5510204, 133993129.57142857, 0, 0, 12, 68426, 68, 17444, 5702.166666666667, 48565830.23822714, 78283044.33333333
0, 0, 96, 8624, 68, 592, 89.83333333333333, 10963.97222222222, 19034.0, 0, 0, 291, 2185659, 240, 26132, 7510.855670103093, 44470037.51181492, 100882990.40893471, 0, 0, 386, 2194215, 68, 26132, 5684.49481865285, 44874420.45864434, 76058997.01813471
0, 0, 0, 0, 0, 0, 0, 0, 0, 0, 0, 0, 0, 0, 0, 0, 0, 0, 0, 0, 0, 0, 0, 0, 0, 0, 0
0, 0, 7, 2541, 68, 1261, 363.0, 151410.85714285713, 283179.85714285716, 0, 0, 6, 793, 68, 236, 132.16666666666666, 3616.472222222222, 21084.5, 0, 0, 13, 3334, 68, 1261, 256.46153846153845, 70465.53462603877, 162212.76923076922
0, 0, 68, 8483, 68, 593, 124.75, 23955.805147058825, 39518.367647058825, 0, 0, 303, 1495983, 68, 20340, 4937.237623762377, 28516281.613501947, 52892596.9669967, 0, 0, 370, 1504398, 68, 20340, 4065.9405405405405, 27755189.49612412, 43321998.66486487
0, 0, 71, 4867, 68, 107, 68.54929577464789, 21.120809363221582, 4720.12676056338, 0, 0, 204, 717935, 68, 17444, 3519.2892156862745, 21118375.22517782, 33503771.80882353, 0, 0, 272, 722598, 68, 17444, 2656.610294117647, 19559521.35129493, 25129009.94852941
0, 0, 0, 0, 0, 0, 0, 0, 0, 0, 0, 0, 0, 0, 0, 0, 0, 0, 0, 0, 0, 0, 0, 0, 0, 0, 0
0, 0, 25, 3800, 68, 593, 152.0, 37044.0, 60148.0, 0, 0, 103, 755175, 68, 24684, 7331.796116504855, 44540603.90988782, 98295838.2038835, 0, 0, 128, 758975, 68, 24684, 5929.4921875, 44699366.37188208, 79109179.9609375
0, 0, 80, 6490, 68, 593, 81.125, 6718.359375, 13299.625, 0, 0, 219, 1661495, 99, 23236, 7586.735159817352, 44636868.961823136, 102195419.34703197, 0, 0, 299, 1667985, 68, 23236, 5578.545150501673, 45100772.16049255, 74855721.7625418
0, 0, 2, 136, 68, 68, 68.0, 0.0, 4624.0, 0, 0, 2, 167, 68, 99, 83.5, 240.25, 7212.5, 0, 0, 4, 303, 68, 99, 75.75, 213.55555555555554, 5918.25
0, 0, 21, 3003, 68, 593, 143.0, 33750.0, 54199.0, 0, 0, 68, 202258, 1362, 20340, 2974.3823529411766, 10721377.11851211, 19568327.5, 0, 0, 89, 205261, 68, 20340, 2306.303370786517, 10220694.04527567, 14963870.213483145
0, 0, 507, 36574, 68, 593, 72.13806706114399, 2153.2984917272606, 7357.199211045365, 0, 0, 1188, 3959377, 68, 23236, 3332.8089225589224, 20829734.49631769, 31937349.810606062, 0, 0, 1695, 3995951, 68, 23236, 2357.493215339233, 18707943.956055865, 22386608.65781711
0, 0, 2, 136, 68, 68, 68.0, 0.0, 4624.0, 0, 0, 2, 167, 68, 99, 83.5, 240.25, 7212.5, 0, 0, 4, 303, 68, 99, 75.75, 213.55555555555554, 5918.25
0, 0, 7, 1001, 68, 593, 143.0, 33750.0, 54199.0, 0, 0, 17, 67024, 68, 17444, 3942.5882352941176, 24712751.65397924, 40256753.64705882, 0, 0, 24, 68025, 68, 17444, 2834.375, 22543270.253420584, 28531008.541666668
0, 0, 1, 68, 68, 68, 68.0, 0.0, 4624.0, 0, 0, 3, 476, 68, 309, 158.66666666666666, 11460.22222222222, 36635.333333333336, 0, 0, 4, 544, 68, 309, 136.0, 10829.632653061224, 28632.5
0, 0, 0, 0, 0, 0, 0, 0, 0, 0, 0, 0, 0, 0, 0, 0, 0, 0, 0, 0, 0, 0, 0, 0, 0, 0, 0
0, 0, 0, 0, 0, 0, 0, 0, 0, 0, 0, 0, 0, 0, 0, 0, 0, 0, 0, 0, 0, 0, 0, 0, 0, 0, 0
0, 0, 0, 0, 0, 0, 0, 0, 0, 0, 0, 0, 0, 0, 0, 0, 0, 0, 0, 0, 0, 0, 0, 0, 0, 0, 0
0, 0, 0, 0, 0, 0, 0, 0, 0, 0, 0, 0, 0, 0, 0, 0, 0, 0, 0, 0, 0, 0, 0, 0, 0, 0, 0
0, 0, 0, 0, 0, 0, 0, 0, 0, 0, 0, 0, 0, 0, 0, 0, 0, 0, 0, 0, 0, 0, 0, 0, 0, 0, 0
0, 0, 5, 865, 68, 593, 173.0, 44100.0, 74029.0, 0, 0, 8, 66369, 2001, 15691, 8296.125, 30139163.359375, 98964853.375, 0, 0, 13, 67234, 68, 15691, 5171.846153846154, 34943769.09297053, 60929920.92307692
0, 0, 66, 5013, 68, 593, 75.95454545454545, 4112.861570247935, 9881.954545454546, 0, 0, 156, 1371446, 68, 17444, 8791.320512820514, 46174984.256245896, 123462300.61538461, 0, 0, 222, 1376459, 68, 17444, 6200.2657657657655, 49060178.4059307, 86760230.2027027
0, 0, 0, 0, 0, 0, 0, 0, 0, 0, 0, 0, 0, 0, 0, 0, 0, 0, 0, 0, 0, 0, 0, 0, 0, 0, 0
0, 0, 2, 136, 68, 68, 68.0, 0.0, 4624.0, 0, 0, 2, 167, 68, 99, 83.5, 240.25, 7212.5, 0, 0, 4, 303, 68, 99, 75.75, 213.55555555555554, 5918.25
0, 0, 0, 0, 0, 0, 0, 0, 0, 0, 0, 0, 0, 0, 0, 0, 0, 0, 0, 0, 0, 0, 0, 0, 0, 0, 0
0, 0, 0, 0, 0, 0, 0, 0, 0, 0, 0, 0, 0, 0, 0, 0, 0, 0, 0, 0, 0, 0, 0, 0, 0, 0, 0
0, 0, 0, 0, 0, 0, 0, 0, 0, 0, 0, 0, 0, 0, 0, 0, 0, 0, 0, 0, 0, 0, 0, 0, 0, 0, 0
0, 0, 0, 0, 0, 0, 0, 0, 0, 0, 0, 0, 0, 0, 0, 0, 0, 0, 0, 0, 0, 0, 0, 0, 0, 0, 0
0, 0, 0, 0, 0, 0, 0, 0, 0, 0, 0, 0, 0, 0, 0, 0, 0, 0, 0, 0, 0, 0, 0, 0, 0, 0, 0
0, 0, 0, 0, 0, 0, 0, 0, 0, 0, 0, 0, 0, 0, 0, 0, 0, 0, 0, 0, 0, 0, 0, 0, 0, 0, 0
0, 0, 0, 0, 0, 0, 0, 0, 0, 0, 0, 0, 0, 0, 0, 0, 0, 0, 0, 0, 0, 0, 0, 0, 0, 0, 0
0, 0, 0, 0, 0, 0, 0, 0, 0, 0, 0, 0, 0, 0, 0, 0, 0, 0, 0, 0, 0, 0, 0, 0, 0, 0, 0
0, 0, 14, 2002, 68, 593, 143.0, 33750.0, 54199.0, 0, 0, 20, 67456, 1516, 16481, 3372.8, 16089266.860000003, 27465046.7, 0, 0, 34, 69458, 68, 16481, 2042.8823529411766, 13930052.098765433, 16178227.05882353
0, 0, 85, 5780, 68, 68, 68.0, 0.0, 4624.0, 0, 0, 158, 1358781, 616, 23236, 8599.879746835442, 54013685.59946323, 127971617.25949366, 0, 0, 243, 1364561, 68, 23236, 5615.477366255144, 54723648.56393927, 83209500.27572016
0, 0, 1, 68, 68, 68, 68.0, 0.0, 4624.0, 0, 0, 1, 99, 99, 99, 99.0, 0.0, 9801.0, 0, 0, 2, 167, 68, 99, 83.5, 213.55555555555557, 7212.5
0, 0, 0, 0, 0, 0, 0, 0, 0, 0, 0, 0, 0, 0, 0, 0, 0, 0, 0, 0, 0, 0, 0, 0, 0, 0, 0
0, 0, 0, 0, 0, 0, 0, 0, 0, 0, 0, 0, 0, 0, 0, 0, 0, 0, 0, 0, 0, 0, 0, 0, 0, 0, 0
0, 0, 0, 0, 0, 0, 0, 0, 0, 0, 0, 0, 0, 0, 0, 0, 0, 0, 0, 0, 0, 0, 0, 0, 0, 0, 0
0, 0, 2, 761, 107, 654, 380.5, 74802.25, 219582.5, 0, 0, 0, 0, 0, 0, 0, 0, 0, 0, 0, 2, 761, 107, 654, 380.5, 74802.25, 219582.5
0, 0, 2, 136, 68, 68, 68.0, 0.0, 4624.0, 0, 0, 3, 522, 68, 347, 174.0, 15218.0, 45494.0, 0, 0, 5, 658, 68, 347, 131.6, 13520.25, 29146.0
0, 0, 0, 0, 0, 0, 0, 0, 0, 0, 0, 0, 0, 0, 0, 0, 0, 0, 0, 0, 0, 0, 0, 0, 0, 0, 0
0, 0, 0, 0, 0, 0, 0, 0, 0, 0, 0, 0, 0, 0, 0, 0, 0, 0, 0, 0, 0, 0, 0, 0, 0, 0, 0
0, 0, 2, 144, 68, 76, 72.0, 16.0, 5200.0, 0, 0, 0, 0, 0, 0, 0, 0, 0, 0, 0, 2, 144, 68, 76, 72.0, 16.0, 5200.0
0, 0, 8, 2111, 68, 593, 263.875, 62916.359375, 132546.375, 0, 0, 10, 66638, 76, 16481, 6663.8, 34849220.96, 79255451.4, 0, 0, 18, 68749, 68, 16481, 3819.3888888888887, 33269264.54464286, 44089715.833333336
0, 0, 43, 4344, 68, 861, 101.02325581395348, 20064.720389399674, 30270.418604651164, 0, 0, 146, 1408262, 68, 26132, 9645.630136986301, 61811393.50703697, 154849574.24657536, 0, 0, 189, 1412606, 68, 26132, 7474.10582010582, 64072400.30969926, 119626134.75132275
0, 0, 0, 0, 0, 0, 0, 0, 0, 0, 0, 1, 68, 68, 68, 68.0, 0.0, 4624.0, 0, 0, 1, 68, 68, 68, 68.0, 0.0, 4624.0
0, 0, 0, 0, 0, 0, 0, 0, 0, 0, 0, 0, 0, 0, 0, 0, 0, 0, 0, 0, 0, 0, 0, 0, 0, 0, 0
0, 0, 0, 0, 0, 0, 0, 0, 0, 0, 0, 0, 0, 0, 0, 0, 0, 0, 0, 0, 0, 0, 0, 0, 0, 0, 0
0, 0, 0, 0, 0, 0, 0, 0, 0, 0, 0, 0, 0, 0, 0, 0, 0, 0, 0, 0, 0, 0, 0, 0, 0, 0, 0
0, 0, 0, 0, 0, 0, 0, 0, 0, 0, 0, 0, 0, 0, 0, 0, 0, 0, 0, 0, 0, 0, 0, 0, 0, 0, 0
0, 0, 0, 0, 0, 0, 0, 0, 0, 0, 0, 0, 0, 0, 0, 0, 0, 0, 0, 0, 0, 0, 0, 0, 0, 0, 0
0, 0, 0, 0, 0, 0, 0, 0, 0, 0, 0, 0, 0, 0, 0, 0, 0, 0, 0, 0, 0, 0, 0, 0, 0, 0, 0
0, 0, 0, 0, 0, 0, 0, 0, 0, 0, 0, 0, 0, 0, 0, 0, 0, 0, 0, 0, 0, 0, 0, 0, 0, 0, 0
0, 0, 0, 0, 0, 0, 0, 0, 0, 0, 0, 0, 0, 0, 0, 0, 0, 0, 0, 0, 0, 0, 0, 0, 0, 0, 0
0, 0, 3, 729, 68, 593, 243.0, 61250.0, 120299.0, 0, 0, 8, 66117, 959, 17444, 8264.625, 38347959.984375, 106651986.375, 0, 0, 11, 66846, 68, 17444, 6076.909090909091, 40858452.99722992, 77597889.81818181
0, 0, 55, 4265, 68, 593, 77.54545454545455, 4920.247933884294, 10933.545454545454, 0, 0, 153, 1376395, 1516, 23236, 8996.045751633987, 52386273.02405058, 133315112.18954249, 0, 0, 208, 1380660, 68, 23236, 6637.788461538462, 54677695.80996154, 98066411.10576923
0, 0, 0, 0, 0, 0, 0, 0, 0, 0, 0, 0, 0, 0, 0, 0, 0, 0, 0, 0, 0, 0, 0, 0, 0, 0, 0
0, 0, 0, 0, 0, 0, 0, 0, 0, 0, 0, 0, 0, 0, 0, 0, 0, 0, 0, 0, 0, 0, 0, 0, 0, 0, 0
0, 0, 0, 0, 0, 0, 0, 0, 0, 0, 0, 0, 0, 0, 0, 0, 0, 0, 0, 0, 0, 0, 0, 0, 0, 0, 0
0, 0, 0, 0, 0, 0, 0, 0, 0, 0, 0, 0, 0, 0, 0, 0, 0, 0, 0, 0, 0, 0, 0, 0, 0, 0, 0
0, 0, 0, 0, 0, 0, 0, 0, 0, 0, 0, 0, 0, 0, 0, 0, 0, 0, 0, 0, 0, 0, 0, 0, 0, 0, 0
0, 0, 0, 0, 0, 0, 0, 0, 0, 0, 0, 0, 0, 0, 0, 0, 0, 0, 0, 0, 0, 0, 0, 0, 0, 0, 0
0, 0, 0, 0, 0, 0, 0, 0, 0, 0, 0, 0, 0, 0, 0, 0, 0, 0, 0, 0, 0, 0, 0, 0, 0, 0, 0
0, 0, 0, 0, 0, 0, 0, 0, 0, 0, 0, 0, 0, 0, 0, 0, 0, 0, 0, 0, 0, 0, 0, 0, 0, 0, 0
0, 0, 0, 0, 0, 0, 0, 0, 0, 0, 0, 0, 0, 0, 0, 0, 0, 0, 0, 0, 0, 0, 0, 0, 0, 0, 0
0, 0, 1, 593, 593, 593, 593.0, 0.0, 351649.0, 0, 0, 0, 0, 0, 0, 0, 0, 0, 0, 0, 1, 593, 593, 593, 593.0, 0.0, 351649.0
0, 0, 37, 3049, 68, 593, 82.4054054054054, 7243.538349159971, 14034.18918918919, 0, 0, 221, 898346, 76, 21788, 4064.914027149321, 23272079.924735367, 39795605.97285068, 0, 0, 258, 901395, 68, 21788, 3493.779069767442, 22605494.075662155, 34090496.84108527
0, 0, 22, 1537, 68, 109, 69.86363636363636, 72.93595041322314, 4953.863636363636, 0, 0, 82, 559074, 68, 20340, 6817.975609756098, 41990863.95062464, 88475655.36585365, 0, 0, 104, 560611, 68, 20340, 5390.490384615385, 41773244.40007515, 69760699.27884616
0, 0, 0, 0, 0, 0, 0, 0, 0, 0, 0, 1, 68, 68, 68, 68.0, 0.0, 4624.0, 0, 0, 1, 68, 68, 68, 68.0, 0.0, 4624.0
0, 0, 0, 0, 0, 0, 0, 0, 0, 0, 0, 0, 0, 0, 0, 0, 0, 0, 0, 0, 0, 0, 0, 0, 0, 0, 0
0, 0, 2, 1216, 68, 1148, 608.0, 291600.0, 661264.0, 0, 0, 1, 89, 89, 89, 89.0, 0.0, 7921.0, 0, 0, 3, 1305, 68, 1148, 435.0, 213140.25, 443483.0
0, 0, 1, 68, 68, 68, 68.0, 0.0, 4624.0, 0, 0, 1, 508, 508, 508, 508.0, 0.0, 258064.0, 0, 0, 2, 576, 68, 508, 288.0, 43022.222222222226, 131344.0
0, 0, 3, 484, 68, 348, 161.33333333333334, 17422.22222222222, 43450.666666666664, 0, 0, 2, 200, 84, 116, 100.0, 256.0, 10256.0, 0, 0, 5, 684, 68, 348, 136.8, 8534.204081632653, 30172.8
0, 0, 2, 188, 68, 120, 94.0, 676.0, 9512.0, 0, 0, 1, 120, 120, 120, 120.0, 0.0, 14400.0, 0, 0, 3, 308, 68, 120, 102.66666666666667, 507.0, 11141.333333333334
0, 0, 1, 120, 120, 120, 120.0, 0.0, 14400.0, 0, 0, 1, 152, 152, 152, 152.0, 0.0, 23104.0, 0, 0, 2, 272, 120, 152, 136.0, 227.55555555555557, 18752.0
0, 0, 3, 216, 68, 80, 72.0, 32.0, 5216.0, 0, 0, 3, 256, 68, 120, 85.33333333333333, 600.8888888888889, 7882.666666666667, 0, 0, 6, 472, 68, 120, 78.66666666666667, 450.7654320987654, 6549.333333333333
0, 0, 67, 5081, 68, 593, 75.83582089552239, 4052.405881042547, 9803.477611940298, 0, 0, 186, 1391303, 1516, 23236, 7480.123655913979, 44597328.17288125, 100549578.08064516, 0, 0, 253, 1396384, 68, 23236, 5519.304347826087, 44881668.50998075, 73924420.37944664
0, 0, 3, 729, 68, 593, 243.0, 61250.0, 120299.0, 0, 0, 11, 67098, 68, 16481, 6099.818181818182, 27308413.23966942, 64516195.09090909, 0, 0, 14, 67827, 68, 16481, 4844.785714285715, 27661078.56, 50717074.5
0, 0, 0, 0, 0, 0, 0, 0, 0, 0, 0, 0, 0, 0, 0, 0, 0, 0, 0, 0, 0, 0, 0, 0, 0, 0, 0
0, 0, 0, 0, 0, 0, 0, 0, 0, 0, 0, 0, 0, 0, 0, 0, 0, 0, 0, 0, 0, 0, 0, 0, 0, 0, 0
0, 0, 0, 0, 0, 0, 0, 0, 0, 0, 0, 0, 0, 0, 0, 0, 0, 0, 0, 0, 0, 0, 0, 0, 0, 0, 0
0, 0, 0, 0, 0, 0, 0, 0, 0, 0, 0, 0, 0, 0, 0, 0, 0, 0, 0, 0, 0, 0, 0, 0, 0, 0, 0
0, 0, 0, 0, 0, 0, 0, 0, 0, 0, 0, 0, 0, 0, 0, 0, 0, 0, 0, 0, 0, 0, 0, 0, 0, 0, 0
0, 0, 0, 0, 0, 0, 0, 0, 0, 0, 0, 0, 0, 0, 0, 0, 0, 0, 0, 0, 0, 0, 0, 0, 0, 0, 0
0, 0, 4, 805, 68, 585, 201.25, 49098.6875, 89600.25, 0, 0, 1, 76, 76, 76, 76.0, 0.0, 5776.0, 0, 0, 5, 881, 68, 585, 176.2, 36218.583333333336, 72835.4
0, 0, 5, 1643, 68, 803, 328.6, 94110.64, 202088.6, 0, 0, 2, 281, 76, 205, 140.5, 4160.25, 23900.5, 0, 0, 7, 1924, 68, 803, 274.85714285714283, 62868.88888888889, 151177.7142857143
0, 0, 3, 255, 68, 119, 85.0, 578.0, 7803.0, 0, 0, 3, 590, 68, 317, 196.66666666666666, 10368.222222222223, 49046.0, 0, 0, 6, 845, 68, 317, 140.83333333333334, 9875.802469135802, 28424.5
0, 0, 0, 0, 0, 0, 0, 0, 0, 0, 0, 1, 68, 68, 68, 68.0, 0.0, 4624.0, 0, 0, 1, 68, 68, 68, 68.0, 0.0, 4624.0
0, 0, 65, 5470, 68, 593, 84.15384615384616, 8219.8224852071, 15301.692307692309, 0, 0, 204, 1392115, 68, 17444, 6824.093137254902, 40600822.65309016, 87169069.7990196, 0, 0, 269, 1397585, 68, 17444, 5195.483271375465, 40407279.01445052, 66109609.10408922
0, 0, 3, 204, 68, 68, 68.0, 0.0, 4624.0, 0, 0, 8, 66299, 68, 16481, 8287.375, 39516770.984375, 108197355.375, 0, 0, 11, 66503, 68, 16481, 6045.727272727273, 42260078.66481994, 78690246.81818181
0, 0, 0, 0, 0, 0, 0, 0, 0, 0, 0, 0, 0, 0, 0, 0, 0, 0, 0, 0, 0, 0, 0, 0, 0, 0, 0
0, 0, 0, 0, 0, 0, 0, 0, 0, 0, 0, 0, 0, 0, 0, 0, 0, 0, 0, 0, 0, 0, 0, 0, 0, 0, 0
0, 0, 0, 0, 0, 0, 0, 0, 0, 0, 0, 0, 0, 0, 0, 0, 0, 0, 0, 0, 0, 0, 0, 0, 0, 0, 0
0, 0, 0, 0, 0, 0, 0, 0, 0, 0, 0, 0, 0, 0, 0, 0, 0, 0, 0, 0, 0, 0, 0, 0, 0, 0, 0
0, 0, 5, 965, 68, 654, 193.0, 53358.4, 90607.4, 0, 0, 4, 590, 68, 347, 147.5, 13520.25, 35276.5, 0, 0, 9, 1555, 68, 654, 172.77777777777777, 29332.615384615383, 66015.88888888889
0, 0, 0, 0, 0, 0, 0, 0, 0, 0, 0, 0, 0, 0, 0, 0, 0, 0, 0, 0, 0, 0, 0, 0, 0, 0, 0
0, 0, 0, 0, 0, 0, 0, 0, 0, 0, 0, 0, 0, 0, 0, 0, 0, 0, 0, 0, 0, 0, 0, 0, 0, 0, 0
0, 0, 0, 0, 0, 0, 0, 0, 0, 0, 0, 0, 0, 0, 0, 0, 0, 0, 0, 0, 0, 0, 0, 0, 0, 0, 0
0, 0, 0, 0, 0, 0, 0, 0, 0, 0, 0, 0, 0, 0, 0, 0, 0, 0, 0, 0, 0, 0, 0, 0, 0, 0, 0
0, 0, 4, 797, 68, 593, 199.25, 51679.6875, 91380.25, 0, 0, 10, 66597, 68, 16481, 6659.7, 26201799.409999996, 70553403.5, 0, 0, 14, 67394, 68, 16481, 4813.857142857143, 27640309.20659722, 50421396.85714286
0, 0, 73, 5489, 68, 593, 75.1917808219178, 3723.9632201163417, 9377.767123287671, 0, 0, 206, 1393132, 1053, 20340, 6762.776699029127, 39334942.17343765, 85070090.85436893, 0, 0, 279, 1398621, 68, 20340, 5012.978494623656, 39133394.67044744, 62814061.98207885
0, 0, 0, 0, 0, 0, 0, 0, 0, 0, 0, 0, 0, 0, 0, 0, 0, 0, 0, 0, 0, 0, 0, 0, 0, 0, 0
0, 0, 0, 0, 0, 0, 0, 0, 0, 0, 0, 0, 0, 0, 0, 0, 0, 0, 0, 0, 0, 0, 0, 0, 0, 0, 0
0, 0, 0, 0, 0, 0, 0, 0, 0, 0, 0, 0, 0, 0, 0, 0, 0, 0, 0, 0, 0, 0, 0, 0, 0, 0, 0
0, 0, 0, 0, 0, 0, 0, 0, 0, 0, 0, 0, 0, 0, 0, 0, 0, 0, 0, 0, 0, 0, 0, 0, 0, 0, 0
0, 0, 6, 408, 68, 68, 68.0, 0.0, 4624.0, 0, 0, 6, 408, 68, 68, 68.0, 0.0, 4624.0, 0, 0, 12, 816, 68, 68, 68.0, 0.0, 4624.0
0, 0, 0, 0, 0, 0, 0, 0, 0, 0, 0, 0, 0, 0, 0, 0, 0, 0, 0, 0, 0, 0, 0, 0, 0, 0, 0
0, 0, 0, 0, 0, 0, 0, 0, 0, 0, 0, 0, 0, 0, 0, 0, 0, 0, 0, 0, 0, 0, 0, 0, 0, 0, 0
0, 0, 2, 136, 68, 68, 68.0, 0.0, 4624.0, 0, 0, 2, 167, 68, 99, 83.5, 240.25, 7212.5, 0, 0, 4, 303, 68, 99, 75.75, 213.55555555555554, 5918.25
0, 0, 1, 68, 68, 68, 68.0, 0.0, 4624.0, 0, 0, 2, 408, 99, 309, 204.0, 11025.0, 52641.0, 0, 0, 3, 476, 68, 309, 158.66666666666666, 11779.36, 36635.333333333336
0, 0, 42, 3906, 68, 593, 93.0, 12500.0, 21149.0, 0, 0, 195, 1443816, 68, 21788, 7404.184615384615, 46127259.7095069, 100949209.52820513, 0, 0, 237, 1447722, 68, 21788, 6108.53164556962, 46335490.308449075, 83063224.11814345
0, 0, 2, 136, 68, 68, 68.0, 0.0, 4624.0, 0, 0, 4, 272, 68, 68, 68.0, 0.0, 4624.0, 0, 0, 6, 408, 68, 68, 68.0, 0.0, 4624.0
0, 0, 0, 0, 0, 0, 0, 0, 0, 0, 0, 0, 0, 0, 0, 0, 0, 0, 0, 0, 0, 0, 0, 0, 0, 0, 0
0, 0, 0, 0, 0, 0, 0, 0, 0, 0, 0, 0, 0, 0, 0, 0, 0, 0, 0, 0, 0, 0, 0, 0, 0, 0, 0
0, 0, 0, 0, 0, 0, 0, 0, 0, 0, 0, 0, 0, 0, 0, 0, 0, 0, 0, 0, 0, 0, 0, 0, 0, 0, 0
0, 0, 2, 136, 68, 68, 68.0, 0.0, 4624.0, 0, 0, 3, 228, 68, 92, 76.0, 128.0, 5904.0, 0, 0, 5, 364, 68, 92, 72.8, 108.0, 5392.0
0, 0, 4, 272, 68, 68, 68.0, 0.0, 4624.0, 0, 0, 4, 272, 68, 68, 68.0, 0.0, 4624.0, 0, 0, 8, 544, 68, 68, 68.0, 0.0, 4624.0
0, 0, 0, 0, 0, 0, 0, 0, 0, 0, 0, 0, 0, 0, 0, 0, 0, 0, 0, 0, 0, 0, 0, 0, 0, 0, 0
0, 0, 0, 0, 0, 0, 0, 0, 0, 0, 0, 0, 0, 0, 0, 0, 0, 0, 0, 0, 0, 0, 0, 0, 0, 0, 0
0, 0, 0, 0, 0, 0, 0, 0, 0, 0, 0, 0, 0, 0, 0, 0, 0, 0, 0, 0, 0, 0, 0, 0, 0, 0, 0
0, 0, 0, 0, 0, 0, 0, 0, 0, 0, 0, 0, 0, 0, 0, 0, 0, 0, 0, 0, 0, 0, 0, 0, 0, 0, 0
0, 0, 86, 6898, 68, 593, 80.20930232558139, 6260.816657652793, 12694.348837209302, 0, 0, 228, 1434384, 1516, 20340, 6291.1578947368425, 36402378.30840258, 75981045.96491228, 0, 0, 314, 1441282, 68, 20340, 4590.070063694267, 35777032.7124903, 55174427.36942675
0, 0, 0, 0, 0, 0, 0, 0, 0, 0, 0, 0, 0, 0, 0, 0, 0, 0, 0, 0, 0, 0, 0, 0, 0, 0, 0
0, 0, 0, 0, 0, 0, 0, 0, 0, 0, 0, 0, 0, 0, 0, 0, 0, 0, 0, 0, 0, 0, 0, 0, 0, 0, 0
0, 0, 0, 0, 0, 0, 0, 0, 0, 0, 0, 0, 0, 0, 0, 0, 0, 0, 0, 0, 0, 0, 0, 0, 0, 0, 0
0, 0, 1, 76, 76, 76, 76.0, 0.0, 5776.0, 0, 0, 0, 0, 0, 0, 0, 0, 0, 0, 0, 1, 76, 76, 76, 76.0, 0.0, 5776.0
0, 0, 3, 729, 68, 585, 243.0, 58492.666666666664, 117541.66666666667, 0, 0, 1, 76, 76, 76, 76.0, 0.0, 5776.0, 0, 0, 4, 805, 68, 585, 201.25, 41788.96000000001, 89600.25
0, 0, 5, 1642, 68, 802, 328.4, 93921.04000000001, 201767.6, 0, 0, 2, 281, 76, 205, 140.5, 4160.25, 23900.5, 0, 0, 7, 1923, 68, 802, 274.7142857142857, 62744.98765432098, 150948.42857142858
0, 0, 7, 1078, 68, 585, 154.0, 31265.428571428572, 54981.42857142857, 0, 0, 7, 912, 68, 317, 130.28571428571428, 7920.204081632655, 24894.571428571428, 0, 0, 14, 1990, 68, 585, 142.14285714285714, 15826.91609977324, 39938.0
0, 0, 17, 5671, 68, 2804, 333.5882352941176, 428492.4775086505, 539773.5882352941, 0, 0, 18, 7122, 68, 2978, 395.6666666666667, 520491.44444444444, 677043.5555555555, 0, 0, 35, 12793, 68, 2978, 365.51428571428573, 491821.9587041653, 610369.5714285715
0, 0, 7, 821, 68, 372, 117.28571428571429, 10937.91836734694, 24693.85714285714, 0, 0, 6, 1472, 68, 1084, 245.33333333333334, 140872.8888888889, 201061.33333333334, 0, 0, 13, 2293, 68, 1084, 176.3846153846154, 96817.29085872576, 106094.23076923077
0, 0, 21, 5833, 68, 1110, 277.76190476190476, 111745.60997732427, 188897.2857142857, 0, 0, 23, 39083, 68, 14548, 1699.2608695652175, 15491825.149338378, 18379312.652173914, 0, 0, 44, 44916, 68, 14548, 1020.8181818181819, 11106034.322566273, 9697523.5
0, 0, 36, 5404, 68, 1147, 150.11111111111111, 48449.7098765432, 70983.05555555556, 0, 0, 168, 1178884, 68, 23236, 7017.166666666667, 42863403.76984127, 92104031.79761904, 0, 0, 203, 1184220, 68, 23236, 5833.596059113301, 42850647.7512805, 76236591.66502462
0, 0, 6, 447, 68, 107, 74.5, 211.25, 5761.5, 0, 0, 51, 296550, 68, 23236, 5814.705882352941, 39296915.18800462, 73107719.68627451, 0, 0, 57, 296997, 68, 23236, 5210.473684210527, 38842621.082561724, 65412776.71929824
0, 0, 6, 512, 76, 107, 85.33333333333333, 177.22222222222226, 7459.0, 0, 0, 2, 625, 299, 326, 312.5, 182.25, 97838.5, 0, 0, 8, 1137, 76, 326, 142.125, 12564.359999999999, 30053.875
0, 0, 14, 4070, 68, 585, 290.7142857142857, 64959.91836734693, 149474.7142857143, 0, 0, 6, 456, 76, 76, 76.0, 0.0, 5776.0, 0, 0, 20, 4526, 68, 585, 226.3, 46435.77514792899, 106365.1
0, 0, 34, 4672, 68, 451, 137.41176470588235, 15187.3598615917, 34069.35294117647, 0, 0, 30, 48508, 68, 7098, 1616.9333333333334, 6633579.862222222, 9248053.266666668, 0, 0, 64, 53180, 68, 7098, 830.9375, 4745072.061113627, 4353124.3125
0, 0, 12, 3242, 68, 685, 270.1666666666667, 81774.47222222223, 154764.5, 0, 0, 8, 16668, 342, 8756, 2083.5, 9622642.75, 13963615.0, 0, 0, 20, 19910, 68, 8756, 995.5, 6338967.229591836, 5678304.7
0, 0, 13, 884, 68, 68, 68.0, 0.0, 4624.0, 0, 0, 23, 100401, 99, 14548, 4365.260869565217, 9433763.497164462, 28489265.95652174, 0, 0, 36, 101285, 68, 14548, 2813.472222222222, 10527484.00402183, 18203145.25
0, 0, 21, 1464, 68, 80, 69.71428571428571, 17.632653061224488, 4877.714285714285, 0, 0, 30, 90368, 68, 11652, 3012.266666666667, 4400748.728888888, 13474499.2, 0, 0, 51, 91832, 68, 11652, 1800.6274509803923, 4922652.507849414, 7928184.470588235
0, 0, 35, 2392, 68, 80, 68.34285714285714, 3.996734693877553, 4674.742857142857, 0, 0, 46, 124760, 68, 4412, 2712.1739130434785, 574710.9262759924, 7930598.260869565, 0, 0, 81, 127152, 68, 4412, 1569.7777777777778, 1811782.104780209, 4505816.49382716
0, 0, 85, 5780, 68, 68, 68.0, 0.0, 4624.0, 0, 0, 93, 266964, 1516, 5860, 2870.5806451612902, 802900.1789802291, 9043133.41935484, 0, 0, 178, 272744, 68, 5860, 1532.2696629213483, 2241935.318309936, 4726991.2808988765
0, 0, 117, 7956, 68, 68, 68.0, 0.0, 4624.0, 0, 0, 131, 376227, 1043, 7308, 2871.961832061069, 835972.8306042772, 9084137.595419846, 0, 0, 248, 384183, 68, 7308, 1549.125, 2255751.274928468, 4800657.391129033
0, 0, 118, 8024, 68, 68, 68.0, 0.0, 4624.0, 0, 0, 127, 366292, 68, 5860, 2884.1889763779527, 637499.9327918655, 8956045.984251969, 0, 0, 245, 374316, 68, 5860, 1527.8204081632653, 2153006.405364782, 4644748.865306122
0, 0, 266, 19138, 68, 593, 71.94736842105263, 2056.7867036011066, 7233.210526315789, 0, 0, 850, 2218401, 675, 17444, 2609.883529411765, 6769002.726434602, 13580494.763529412, 0, 0, 1116, 2237539, 68, 17444, 2004.9632616487456, 6607006.538911236, 10345290.844982078
0, 0, 285, 19380, 68, 68, 68.0, 0.0, 4624.0, 0, 0, 329, 919840, 1224, 10204, 2795.8662613981764, 1121693.4046063877, 8938561.556231003, 0, 0, 614, 939220, 68, 10204, 1529.6742671009772, 2351942.429839111, 4791701.28990228
0, 0, 0, 0, 0, 0, 0, 0, 0, 0, 0, 1, 68, 68, 68, 68.0, 0.0, 4624.0, 0, 0, 1, 68, 68, 68, 68.0, 0.0, 4624.0
0, 0, 0, 0, 0, 0, 0, 0, 0, 0, 0, 0, 0, 0, 0, 0, 0, 0, 0, 0, 0, 0, 0, 0, 0, 0, 0
0, 0, 0, 0, 0, 0, 0, 0, 0, 0, 0, 0, 0, 0, 0, 0, 0, 0, 0, 0, 0, 0, 0, 0, 0, 0, 0
0, 0, 0, 0, 0, 0, 0, 0, 0, 0, 0, 0, 0, 0, 0, 0, 0, 0, 0, 0, 0, 0, 0, 0, 0, 0, 0
0, 0, 6, 1033, 68, 654, 172.16666666666666, 46635.472222222226, 76276.83333333333, 0, 0, 5, 689, 68, 347, 137.8, 11192.56, 30181.4, 0, 0, 11, 1722, 68, 654, 156.54545454545453, 24760.46484375, 55324.36363636364
0, 0, 1, 68, 68, 68, 68.0, 0.0, 4624.0, 0, 0, 2, 408, 99, 309, 204.0, 11025.0, 52641.0, 0, 0, 3, 476, 68, 309, 158.66666666666666, 11779.36, 36635.333333333336
0, 0, 0, 0, 0, 0, 0, 0, 0, 0, 0, 0, 0, 0, 0, 0, 0, 0, 0, 0, 0, 0, 0, 0, 0, 0, 0
0, 0, 0, 0, 0, 0, 0, 0, 0, 0, 0, 0, 0, 0, 0, 0, 0, 0, 0, 0, 0, 0, 0, 0, 0, 0, 0
0, 0, 15, 5115, 68, 2964, 341.0, 517057.3333333333, 633338.3333333334, 0, 0, 11, 5955, 68, 4164, 541.3636363636364, 1324587.5041322312, 1617662.0909090908, 0, 0, 26, 11070, 68, 4164, 425.7692307692308, 1006887.5763330898, 1049783.0
0, 0, 77, 6286, 68, 593, 81.63636363636364, 6973.140495867766, 13637.636363636364, 0, 0, 247, 1450413, 68, 24684, 5872.117408906883, 36070769.9983609, 70552532.86234818, 0, 0, 324, 1456699, 68, 24684, 4495.984567901234, 35119308.860014535, 53788659.61419753
0, 0, 2, 1306, 68, 1238, 653.0, 342225.0, 768634.0, 0, 0, 2, 430, 68, 362, 215.0, 21609.0, 67834.0, 0, 0, 4, 1736, 68, 1238, 434.0, 171113.0, 418234.0
0, 0, 0, 0, 0, 0, 0, 0, 0, 0, 0, 0, 0, 0, 0, 0, 0, 0, 0, 0, 0, 0, 0, 0, 0, 0, 0
0, 0, 0, 0, 0, 0, 0, 0, 0, 0, 0, 0, 0, 0, 0, 0, 0, 0, 0, 0, 0, 0, 0, 0, 0, 0, 0
0, 0, 0, 0, 0, 0, 0, 0, 0, 0, 0, 0, 0, 0, 0, 0, 0, 0, 0, 0, 0, 0, 0, 0, 0, 0, 0
0, 0, 0, 0, 0, 0, 0, 0, 0, 0, 0, 0, 0, 0, 0, 0, 0, 0, 0, 0, 0, 0, 0, 0, 0, 0, 0
0, 0, 0, 0, 0, 0, 0, 0, 0, 0, 0, 0, 0, 0, 0, 0, 0, 0, 0, 0, 0, 0, 0, 0, 0, 0, 0
0, 0, 0, 0, 0, 0, 0, 0, 0, 0, 0, 0, 0, 0, 0, 0, 0, 0, 0, 0, 0, 0, 0, 0, 0, 0, 0
0, 0, 1, 68, 68, 68, 68.0, 0.0, 4624.0, 0, 0, 3, 243, 68, 107, 81.0, 338.0, 6899.0, 0, 0, 4, 311, 68, 107, 77.75, 310.40816326530614, 6330.25
0, 0, 1, 727, 727, 727, 727.0, 0.0, 528529.0, 0, 0, 0, 0, 0, 0, 0, 0, 0, 0, 0, 1, 727, 727, 727, 727.0, 0.0, 528529.0
0, 0, 14, 2132, 68, 723, 152.28571428571428, 43228.06122448978, 66419.0, 0, 0, 37, 69141, 68, 9241, 1868.6756756756756, 2429972.6515704896, 5921921.432432433, 0, 0, 51, 71273, 68, 9241, 1397.5098039215686, 2444381.3507231404, 4314528.607843137
0, 0, 105, 7665, 68, 593, 73.0, 2600.0, 7929.0, 0, 0, 417, 686025, 1447, 4412, 1645.1438848920864, 216425.56203095082, 2922923.964028777, 0, 0, 522, 693690, 68, 4412, 1328.9080459770114, 437991.190846084, 2336574.4022988505
0, 0, 52, 3544, 68, 76, 68.15384615384616, 1.2071005917159763, 4646.153846153846, 0, 0, 93, 723936, 68, 20340, 7784.258064516129, 49501352.10544573, 110096025.7204301, 0, 0, 145, 727480, 68, 20340, 5017.103448275862, 48852128.422004096, 70614979.25517242
0, 0, 5, 1382, 68, 585, 276.4, 63497.840000000004, 139894.8, 0, 0, 2, 152, 76, 76, 76.0, 0.0, 5776.0, 0, 0, 7, 1534, 68, 585, 219.14285714285714, 45192.666666666664, 101575.14285714286
0, 0, 5, 1326, 68, 802, 265.2, 75213.75999999998, 145544.8, 0, 0, 3, 11243, 119, 5562, 3747.6666666666665, 6583610.888888888, 20628616.333333332, 0, 0, 8, 12569, 68, 5562, 1571.125, 6632085.107438016, 7826696.625
0, 0, 2, 136, 68, 68, 68.0, 0.0, 4624.0, 0, 0, 2, 436, 119, 317, 218.0, 9801.0, 57325.0, 0, 0, 4, 572, 68, 317, 143.0, 11534.0, 30974.5
0, 0, 0, 0, 0, 0, 0, 0, 0, 0, 0, 0, 0, 0, 0, 0, 0, 0, 0, 0, 0, 0, 0, 0, 0, 0, 0
0, 0, 0, 0, 0, 0, 0, 0, 0, 0, 0, 0, 0, 0, 0, 0, 0, 0, 0, 0, 0, 0, 0, 0, 0, 0, 0
0, 0, 0, 0, 0, 0, 0, 0, 0, 0, 0, 0, 0, 0, 0, 0, 0, 0, 0, 0, 0, 0, 0, 0, 0, 0, 0
0, 0, 0, 0, 0, 0, 0, 0, 0, 0, 0, 0, 0, 0, 0, 0, 0, 0, 0, 0, 0, 0, 0, 0, 0, 0, 0
0, 0, 0, 0, 0, 0, 0, 0, 0, 0, 0, 0, 0, 0, 0, 0, 0, 0, 0, 0, 0, 0, 0, 0, 0, 0, 0
0, 0, 98, 7714, 68, 593, 78.71428571428571, 5510.204081632652, 11706.142857142857, 0, 0, 240, 1386054, 1516, 24684, 5775.225, 38083812.43270833, 71437036.23333333, 0, 0, 338, 1393768, 68, 24684, 4123.573964497042, 36196717.183845975, 50727916.857988164
0, 0, 8, 544, 68, 68, 68.0, 0.0, 4624.0, 0, 0, 12, 79728, 1516, 17444, 6644.0, 29832682.666666668, 73975418.66666667, 0, 0, 20, 80272, 68, 17444, 4013.6, 30482720.0, 44387100.8
0, 0, 0, 0, 0, 0, 0, 0, 0, 0, 0, 0, 0, 0, 0, 0, 0, 0, 0, 0, 0, 0, 0, 0, 0, 0, 0
0, 0, 0, 0, 0, 0, 0, 0, 0, 0, 0, 0, 0, 0, 0, 0, 0, 0, 0, 0, 0, 0, 0, 0, 0, 0, 0
0, 0, 0, 0, 0, 0, 0, 0, 0, 0, 0, 0, 0, 0, 0, 0, 0, 0, 0, 0, 0, 0, 0, 0, 0, 0, 0
0, 0, 0, 0, 0, 0, 0, 0, 0, 0, 0, 0, 0, 0, 0, 0, 0, 0, 0, 0, 0, 0, 0, 0, 0, 0, 0
0, 0, 0, 0, 0, 0, 0, 0, 0, 0, 0, 0, 0, 0, 0, 0, 0, 0, 0, 0, 0, 0, 0, 0, 0, 0, 0
0, 0, 0, 0, 0, 0, 0, 0, 0, 0, 0, 0, 0, 0, 0, 0, 0, 0, 0, 0, 0, 0, 0, 0, 0, 0, 0
0, 0, 1, 68, 68, 68, 68.0, 0.0, 4624.0, 0, 0, 3, 243, 68, 107, 81.0, 338.0, 6899.0, 0, 0, 4, 311, 68, 107, 77.75, 310.40816326530614, 6330.25
0, 0, 0, 0, 0, 0, 0, 0, 0, 0, 0, 0, 0, 0, 0, 0, 0, 0, 0, 0, 0, 0, 0, 0, 0, 0, 0
0, 0, 0, 0, 0, 0, 0, 0, 0, 0, 0, 0, 0, 0, 0, 0, 0, 0, 0, 0, 0, 0, 0, 0, 0, 0, 0
0, 0, 7, 1001, 68, 593, 143.0, 33750.0, 54199.0, 0, 0, 6, 66395, 1373, 23236, 11065.833333333334, 65575406.47222222, 188028073.83333334, 0, 0, 13, 67396, 68, 23236, 5184.307692307692, 69189965.70637119, 86811372.0
0, 0, 77, 5761, 68, 593, 74.81818181818181, 3533.05785123967, 9130.818181818182, 0, 0, 219, 1388235, 1516, 26132, 6338.972602739726, 49884071.286920615, 90066644.94520548, 0, 0, 296, 1393996, 68, 26132, 4709.445945945946, 47415914.20689602, 66639521.33783784
0, 0, 0, 0, 0, 0, 0, 0, 0, 0, 0, 0, 0, 0, 0, 0, 0, 0, 0, 0, 0, 0, 0, 0, 0, 0, 0
0, 0, 0, 0, 0, 0, 0, 0, 0, 0, 0, 0, 0, 0, 0, 0, 0, 0, 0, 0, 0, 0, 0, 0, 0, 0, 0
0, 0, 0, 0, 0, 0, 0, 0, 0, 0, 0, 0, 0, 0, 0, 0, 0, 0, 0, 0, 0, 0, 0, 0, 0, 0, 0
0, 0, 3, 204, 68, 68, 68.0, 0.0, 4624.0, 0, 0, 4, 575, 68, 309, 143.75, 9262.6875, 29926.75, 0, 0, 7, 779, 68, 309, 111.28571428571429, 7874.628099173554, 19082.714285714286
0, 0, 1, 68, 68, 68, 68.0, 0.0, 4624.0, 0, 0, 0, 0, 0, 0, 0, 0, 0, 0, 0, 1, 68, 68, 68, 68.0, 0.0, 4624.0
0, 0, 0, 0, 0, 0, 0, 0, 0, 0, 0, 0, 0, 0, 0, 0, 0, 0, 0, 0, 0, 0, 0, 0, 0, 0, 0
0, 0, 0, 0, 0, 0, 0, 0, 0, 0, 0, 0, 0, 0, 0, 0, 0, 0, 0, 0, 0, 0, 0, 0, 0, 0, 0
0, 0, 0, 0, 0, 0, 0, 0, 0, 0, 0, 0, 0, 0, 0, 0, 0, 0, 0, 0, 0, 0, 0, 0, 0, 0, 0
0, 0, 0, 0, 0, 0, 0, 0, 0, 0, 0, 0, 0, 0, 0, 0, 0, 0, 0, 0, 0, 0, 0, 0, 0, 0, 0
0, 0, 0, 0, 0, 0, 0, 0, 0, 0, 0, 0, 0, 0, 0, 0, 0, 0, 0, 0, 0, 0, 0, 0, 0, 0, 0
0, 0, 166, 12338, 68, 593, 74.32530120481928, 3280.773697198432, 8805.024096385541, 0, 0, 534, 1464412, 68, 17444, 2742.3445692883897, 10712569.079773879, 18233022.8164794, 0, 0, 697, 1476546, 68, 17444, 2118.4304160688666, 10112210.356651649, 13971136.220946915
0, 0, 0, 0, 0, 0, 0, 0, 0, 0, 0, 0, 0, 0, 0, 0, 0, 0, 0, 0, 0, 0, 0, 0, 0, 0, 0
0, 0, 0, 0, 0, 0, 0, 0, 0, 0, 0, 0, 0, 0, 0, 0, 0, 0, 0, 0, 0, 0, 0, 0, 0, 0, 0
0, 0, 0, 0, 0, 0, 0, 0, 0, 0, 0, 0, 0, 0, 0, 0, 0, 0, 0, 0, 0, 0, 0, 0, 0, 0, 0
0, 0, 0, 0, 0, 0, 0, 0, 0, 0, 0, 0, 0, 0, 0, 0, 0, 0, 0, 0, 0, 0, 0, 0, 0, 0, 0
0, 0, 0, 0, 0, 0, 0, 0, 0, 0, 0, 0, 0, 0, 0, 0, 0, 0, 0, 0, 0, 0, 0, 0, 0, 0, 0
0, 0, 4, 897, 68, 654, 224.25, 61815.1875, 112103.25, 0, 0, 3, 522, 68, 347, 174.0, 15218.0, 45494.0, 0, 0, 7, 1419, 68, 654, 202.71428571428572, 34462.88999999999, 83556.42857142857
0, 0, 0, 0, 0, 0, 0, 0, 0, 0, 0, 0, 0, 0, 0, 0, 0, 0, 0, 0, 0, 0, 0, 0, 0, 0, 0
0, 0, 0, 0, 0, 0, 0, 0, 0, 0, 0, 0, 0, 0, 0, 0, 0, 0, 0, 0, 0, 0, 0, 0, 0, 0, 0
0, 0, 0, 0, 0, 0, 0, 0, 0, 0, 0, 0, 0, 0, 0, 0, 0, 0, 0, 0, 0, 0, 0, 0, 0, 0, 0
0, 0, 4, 805, 68, 585, 201.25, 49098.6875, 89600.25, 0, 0, 1, 76, 76, 76, 76.0, 0.0, 5776.0, 0, 0, 5, 881, 68, 585, 176.2, 36218.583333333336, 72835.4
0, 0, 11, 3101, 68, 803, 281.90909090909093, 78003.35537190082, 157476.0909090909, 0, 0, 6, 66587, 76, 17444, 11097.833333333334, 60237705.138888896, 183399609.83333334, 0, 0, 17, 69688, 68, 17444, 4099.294117647059, 60656442.60869565, 64831170.35294118
0, 0, 98, 6715, 68, 119, 68.5204081632653, 26.26999167013744, 4721.316326530612, 0, 0, 310, 989229, 68, 17444, 3191.0612903225806, 15097200.405920915, 25280072.56451613, 0, 0, 407, 995876, 68, 17444, 2446.8697788697787, 14195382.568796456, 19256217.592137594
0, 0, 0, 0, 0, 0, 0, 0, 0, 0, 0, 1, 68, 68, 68, 68.0, 0.0, 4624.0, 0, 0, 1, 68, 68, 68, 68.0, 0.0, 4624.0
0, 0, 0, 0, 0, 0, 0, 0, 0, 0, 0, 0, 0, 0, 0, 0, 0, 0, 0, 0, 0, 0, 0, 0, 0, 0, 0
0, 0, 0, 0, 0, 0, 0, 0, 0, 0, 0, 0, 0, 0, 0, 0, 0, 0, 0, 0, 0, 0, 0, 0, 0, 0, 0
0, 0, 0, 0, 0, 0, 0, 0, 0, 0, 0, 0, 0, 0, 0, 0, 0, 0, 0, 0, 0, 0, 0, 0, 0, 0, 0
0, 0, 0, 0, 0, 0, 0, 0, 0, 0, 0, 0, 0, 0, 0, 0, 0, 0, 0, 0, 0, 0, 0, 0, 0, 0, 0
0, 0, 0, 0, 0, 0, 0, 0, 0, 0, 0, 0, 0, 0, 0, 0, 0, 0, 0, 0, 0, 0, 0, 0, 0, 0, 0
0, 0, 1, 68, 68, 68, 68.0, 0.0, 4624.0, 0, 0, 1, 68, 68, 68, 68.0, 0.0, 4624.0, 0, 0, 2, 136, 68, 68, 68.0, 0.0, 4624.0
0, 0, 0, 0, 0, 0, 0, 0, 0, 0, 0, 0, 0, 0, 0, 0, 0, 0, 0, 0, 0, 0, 0, 0, 0, 0, 0
0, 0, 0, 0, 0, 0, 0, 0, 0, 0, 0, 0, 0, 0, 0, 0, 0, 0, 0, 0, 0, 0, 0, 0, 0, 0, 0
0, 0, 16, 1613, 68, 593, 100.8125, 16149.90234375, 26313.0625, 0, 0, 15, 67120, 1516, 17414, 4474.666666666667, 22804343.155555554, 42826984.93333333, 0, 0, 31, 68733, 68, 17414, 2217.1935483870966, 19217659.741493385, 20736315.580645163
0, 0, 59, 4537, 68, 593, 76.89830508474576, 4592.430336110313, 10505.77966101695, 0, 0, 141, 1200915, 285, 23236, 8517.127659574468, 50213457.81349027, 122754921.38297872, 0, 0, 200, 1205452, 68, 23236, 6027.26, 51719266.06343255, 86545318.78
0, 0, 0, 0, 0, 0, 0, 0, 0, 0, 0, 0, 0, 0, 0, 0, 0, 0, 0, 0, 0, 0, 0, 0, 0, 0, 0
0, 0, 2, 136, 68, 68, 68.0, 0.0, 4624.0, 0, 0, 2, 136, 68, 68, 68.0, 0.0, 4624.0, 0, 0, 4, 272, 68, 68, 68.0, 0.0, 4624.0
0, 0, 0, 0, 0, 0, 0, 0, 0, 0, 0, 0, 0, 0, 0, 0, 0, 0, 0, 0, 0, 0, 0, 0, 0, 0, 0
0, 0, 0, 0, 0, 0, 0, 0, 0, 0, 0, 0, 0, 0, 0, 0, 0, 0, 0, 0, 0, 0, 0, 0, 0, 0, 0
0, 0, 0, 0, 0, 0, 0, 0, 0, 0, 0, 0, 0, 0, 0, 0, 0, 0, 0, 0, 0, 0, 0, 0, 0, 0, 0
0, 0, 0, 0, 0, 0, 0, 0, 0, 0, 0, 0, 0, 0, 0, 0, 0, 0, 0, 0, 0, 0, 0, 0, 0, 0, 0
0, 0, 0, 0, 0, 0, 0, 0, 0, 0, 0, 0, 0, 0, 0, 0, 0, 0, 0, 0, 0, 0, 0, 0, 0, 0, 0
0, 0, 5, 340, 68, 68, 68.0, 0.0, 4624.0, 0, 0, 5, 340, 68, 68, 68.0, 0.0, 4624.0, 0, 0, 10, 680, 68, 68, 68.0, 0.0, 4624.0
0, 0, 0, 0, 0, 0, 0, 0, 0, 0, 0, 0, 0, 0, 0, 0, 0, 0, 0, 0, 0, 0, 0, 0, 0, 0, 0
0, 0, 15, 1545, 68, 593, 103.0, 17150.0, 27759.0, 0, 0, 14, 66434, 1516, 16481, 4745.285714285715, 15516655.632653061, 38034392.14285714, 0, 0, 29, 67979, 68, 16481, 2344.103448275862, 15005115.265548946, 18375788.79310345
0, 0, 108, 7869, 68, 593, 72.86111111111111, 2528.452932098763, 7837.194444444444, 0, 0, 282, 1434383, 68, 20340, 5086.464539007092, 30364009.454416282, 56236130.96099291, 0, 0, 390, 1442252, 68, 20340, 3698.0820512820515, 28874989.79650076, 40665218.84102564
0, 0, 1, 68, 68, 68, 68.0, 0.0, 4624.0, 0, 0, 2, 408, 99, 309, 204.0, 11025.0, 52641.0, 0, 0, 3, 476, 68, 309, 158.66666666666666, 11779.36, 36635.333333333336
0, 0, 4, 272, 68, 68, 68.0, 0.0, 4624.0, 0, 0, 0, 0, 0, 0, 0, 0, 0, 0, 0, 4, 272, 68, 68, 68.0, 0.0, 4624.0
0, 0, 2, 136, 68, 68, 68.0, 0.0, 4624.0, 0, 0, 6, 408, 68, 68, 68.0, 0.0, 4624.0, 0, 0, 8, 544, 68, 68, 68.0, 0.0, 4624.0
0, 0, 0, 0, 0, 0, 0, 0, 0, 0, 0, 0, 0, 0, 0, 0, 0, 0, 0, 0, 0, 0, 0, 0, 0, 0, 0
0, 0, 0, 0, 0, 0, 0, 0, 0, 0, 0, 0, 0, 0, 0, 0, 0, 0, 0, 0, 0, 0, 0, 0, 0, 0, 0
0, 0, 0, 0, 0, 0, 0, 0, 0, 0, 0, 0, 0, 0, 0, 0, 0, 0, 0, 0, 0, 0, 0, 0, 0, 0, 0
0, 0, 0, 0, 0, 0, 0, 0, 0, 0, 0, 0, 0, 0, 0, 0, 0, 0, 0, 0, 0, 0, 0, 0, 0, 0, 0
0, 0, 5, 340, 68, 68, 68.0, 0.0, 4624.0, 0, 0, 5, 340, 68, 68, 68.0, 0.0, 4624.0, 0, 0, 10, 680, 68, 68, 68.0, 0.0, 4624.0
0, 0, 0, 0, 0, 0, 0, 0, 0, 0, 0, 0, 0, 0, 0, 0, 0, 0, 0, 0, 0, 0, 0, 0, 0, 0, 0
0, 0, 64, 4877, 68, 593, 76.203125, 4239.349365234375, 10046.265625, 0, 0, 161, 1378632, 285, 23236, 8562.931677018634, 53052540.163033836, 126376339.06832299, 0, 0, 225, 1383509, 68, 23236, 6148.928888888889, 54218859.66431984, 90432149.11555555
0, 0, 5, 865, 68, 593, 173.0, 44100.0, 74029.0, 0, 0, 40, 68681, 68, 5860, 1717.025, 733857.0243750003, 3682031.875, 0, 0, 45, 69546, 68, 5860, 1545.4666666666667, 825269.9717647058, 3281142.6666666665
0, 0, 0, 0, 0, 0, 0, 0, 0, 0, 0, 0, 0, 0, 0, 0, 0, 0, 0, 0, 0, 0, 0, 0, 0, 0, 0
0, 0, 0, 0, 0, 0, 0, 0, 0, 0, 0, 0, 0, 0, 0, 0, 0, 0, 0, 0, 0, 0, 0, 0, 0, 0, 0
0, 0, 0, 0, 0, 0, 0, 0, 0, 0, 0, 0, 0, 0, 0, 0, 0, 0, 0, 0, 0, 0, 0, 0, 0, 0, 0
0, 0, 0, 0, 0, 0, 0, 0, 0, 0, 0, 0, 0, 0, 0, 0, 0, 0, 0, 0, 0, 0, 0, 0, 0, 0, 0
0, 0, 0, 0, 0, 0, 0, 0, 0, 0, 0, 0, 0, 0, 0, 0, 0, 0, 0, 0, 0, 0, 0, 0, 0, 0, 0
0, 0, 1, 76, 76, 76, 76.0, 0.0, 5776.0, 0, 0, 0, 0, 0, 0, 0, 0, 0, 0, 0, 1, 76, 76, 76, 76.0, 0.0, 5776.0
0, 0, 3, 729, 68, 585, 243.0, 58492.666666666664, 117541.66666666667, 0, 0, 1, 76, 76, 76, 76.0, 0.0, 5776.0, 0, 0, 4, 805, 68, 585, 201.25, 41788.96000000001, 89600.25
0, 0, 5, 1643, 68, 803, 328.6, 94110.64, 202088.6, 0, 0, 2, 281, 76, 205, 140.5, 4160.25, 23900.5, 0, 0, 7, 1924, 68, 803, 274.85714285714283, 62868.88888888889, 151177.7142857143
0, 0, 3, 255, 68, 119, 85.0, 578.0, 7803.0, 0, 0, 4, 658, 68, 317, 164.5, 10880.25, 37940.5, 0, 0, 7, 913, 68, 317, 130.42857142857142, 9324.14876033058, 25024.428571428572
0, 0, 53, 4129, 68, 593, 77.90566037735849, 5102.349590601637, 11171.641509433963, 0, 0, 102, 724421, 1516, 20340, 7102.166666666667, 39779451.570261426, 90220222.93137255, 0, 0, 154, 728482, 68, 20340, 4730.402597402597, 39686343.20140076, 59760066.31168831
0, 0, 73, 5489, 68, 593, 75.1917808219178, 3723.963220116345, 9377.767123287671, 0, 0, 301, 729259, 1516, 17444, 2422.7873754152824, 8778622.845156234, 14648521.511627907, 0, 0, 372, 734612, 68, 17444, 1974.763440860215, 8372893.076234907, 11854516.946236558
0, 0, 0, 0, 0, 0, 0, 0, 0, 0, 0, 0, 0, 0, 0, 0, 0, 0, 0, 0, 0, 0, 0, 0, 0, 0, 0
0, 0, 0, 0, 0, 0, 0, 0, 0, 0, 0, 0, 0, 0, 0, 0, 0, 0, 0, 0, 0, 0, 0, 0, 0, 0, 0
0, 0, 8, 544, 68, 68, 68.0, 0.0, 4624.0, 0, 0, 8, 544, 68, 68, 68.0, 0.0, 4624.0, 0, 0, 16, 1088, 68, 68, 68.0, 0.0, 4624.0
0, 0, 0, 0, 0, 0, 0, 0, 0, 0, 0, 0, 0, 0, 0, 0, 0, 0, 0, 0, 0, 0, 0, 0, 0, 0, 0
0, 0, 0, 0, 0, 0, 0, 0, 0, 0, 0, 0, 0, 0, 0, 0, 0, 0, 0, 0, 0, 0, 0, 0, 0, 0, 0
0, 0, 4, 897, 68, 654, 224.25, 61815.1875, 112103.25, 0, 0, 3, 522, 68, 347, 174.0, 15218.0, 45494.0, 0, 0, 7, 1419, 68, 654, 202.71428571428572, 34462.88999999999, 83556.42857142857
0, 0, 0, 0, 0, 0, 0, 0, 0, 0, 0, 0, 0, 0, 0, 0, 0, 0, 0, 0, 0, 0, 0, 0, 0, 0, 0
0, 0, 0, 0, 0, 0, 0, 0, 0, 0, 0, 0, 0, 0, 0, 0, 0, 0, 0, 0, 0, 0, 0, 0, 0, 0, 0
0, 0, 4, 272, 68, 68, 68.0, 0.0, 4624.0, 0, 0, 4, 272, 68, 68, 68.0, 0.0, 4624.0, 0, 0, 8, 544, 68, 68, 68.0, 0.0, 4624.0
0, 0, 11, 1273, 68, 593, 115.72727272727273, 22778.925619834707, 36171.72727272727, 0, 0, 10, 66400, 1516, 15996, 6640.0, 19838951.0, 63928551.0, 0, 0, 21, 67673, 68, 15996, 3222.5238095238096, 22551994.640998963, 30461114.23809524
0, 0, 88, 6509, 68, 593, 73.9659090909091, 3096.51020144628, 8567.46590909091, 0, 0, 291, 1406203, 1264, 17444, 4832.312714776633, 29618200.462346926, 52969446.635738835, 0, 0, 377, 1412576, 68, 17444, 3746.8859416445625, 28345028.475982916, 40888205.99469496
0, 0, 2, 136, 68, 68, 68.0, 0.0, 4624.0, 0, 0, 3, 228, 68, 92, 76.0, 128.0, 5904.0, 0, 0, 5, 364, 68, 92, 72.8, 108.0, 5392.0
0, 0, 0, 0, 0, 0, 0, 0, 0, 0, 0, 0, 0, 0, 0, 0, 0, 0, 0, 0, 0, 0, 0, 0, 0, 0, 0
0, 0, 0, 0, 0, 0, 0, 0, 0, 0, 0, 0, 0, 0, 0, 0, 0, 0, 0, 0, 0, 0, 0, 0, 0, 0, 0
0, 0, 0, 0, 0, 0, 0, 0, 0, 0, 0, 0, 0, 0, 0, 0, 0, 0, 0, 0, 0, 0, 0, 0, 0, 0, 0
0, 0, 0, 0, 0, 0, 0, 0, 0, 0, 0, 0, 0, 0, 0, 0, 0, 0, 0, 0, 0, 0, 0, 0, 0, 0, 0
0, 0, 0, 0, 0, 0, 0, 0, 0, 0, 0, 0, 0, 0, 0, 0, 0, 0, 0, 0, 0, 0, 0, 0, 0, 0, 0
0, 0, 0, 0, 0, 0, 0, 0, 0, 0, 0, 0, 0, 0, 0, 0, 0, 0, 0, 0, 0, 0, 0, 0, 0, 0, 0
0, 0, 0, 0, 0, 0, 0, 0, 0, 0, 0, 0, 0, 0, 0, 0, 0, 0, 0, 0, 0, 0, 0, 0, 0, 0, 0
0, 0, 2, 136, 68, 68, 68.0, 0.0, 4624.0, 0, 0, 2, 167, 68, 99, 83.5, 240.25, 7212.5, 0, 0, 4, 303, 68, 99, 75.75, 213.55555555555554, 5918.25
0, 0, 11, 1273, 68, 593, 115.72727272727273, 22778.925619834707, 36171.72727272727, 0, 0, 9, 66729, 99, 16481, 7414.333333333333, 33673640.44444445, 88645979.22222222, 0, 0, 20, 68002, 68, 16481, 3400.1, 33451007.816884663, 39910585.1
0, 0, 89, 6577, 68, 593, 73.89887640449439, 3062.1133695240487, 8523.157303370786, 0, 0, 289, 1329563, 68, 21788, 4600.564013840831, 31319408.065971427, 52484597.31141868, 0, 0, 377, 1336072, 68, 21788, 3543.9575596816976, 29531181.935658634, 40235550.55702918
0, 0, 0, 0, 0, 0, 0, 0, 0, 0, 0, 0, 0, 0, 0, 0, 0, 0, 0, 0, 0, 0, 0, 0, 0, 0, 0
0, 0, 0, 0, 0, 0, 0, 0, 0, 0, 0, 0, 0, 0, 0, 0, 0, 0, 0, 0, 0, 0, 0, 0, 0, 0, 0
0, 0, 0, 0, 0, 0, 0, 0, 0, 0, 0, 0, 0, 0, 0, 0, 0, 0, 0, 0, 0, 0, 0, 0, 0, 0, 0
0, 0, 0, 0, 0, 0, 0, 0, 0, 0, 0, 0, 0, 0, 0, 0, 0, 0, 0, 0, 0, 0, 0, 0, 0, 0, 0
0, 0, 0, 0, 0, 0, 0, 0, 0, 0, 0, 0, 0, 0, 0, 0, 0, 0, 0, 0, 0, 0, 0, 0, 0, 0, 0
0, 0, 0, 0, 0, 0, 0, 0, 0, 0, 0, 0, 0, 0, 0, 0, 0, 0, 0, 0, 0, 0, 0, 0, 0, 0, 0
0, 0, 0, 0, 0, 0, 0, 0, 0, 0, 0, 0, 0, 0, 0, 0, 0, 0, 0, 0, 0, 0, 0, 0, 0, 0, 0
0, 0, 0, 0, 0, 0, 0, 0, 0, 0, 0, 0, 0, 0, 0, 0, 0, 0, 0, 0, 0, 0, 0, 0, 0, 0, 0
0, 0, 0, 0, 0, 0, 0, 0, 0, 0, 0, 0, 0, 0, 0, 0, 0, 0, 0, 0, 0, 0, 0, 0, 0, 0, 0
0, 0, 7, 1001, 68, 593, 143.0, 33750.0, 54199.0, 0, 0, 6, 66693, 1516, 19047, 11115.5, 36860966.916666664, 160415307.16666666, 0, 0, 13, 67694, 68, 19047, 5207.2307692307695, 51307569.89473684, 74067018.15384616
0, 0, 1, 593, 593, 593, 593.0, 0.0, 351649.0, 0, 0, 0, 0, 0, 0, 0, 0, 0, 0, 0, 1, 593, 593, 593, 593.0, 0.0, 351649.0
0, 0, 111, 7548, 68, 68, 68.0, 0.0, 4624.0, 0, 0, 224, 1404115, 1516, 23236, 6268.370535714285, 39319367.12609614, 78611836.29910715, 0, 0, 331, 1411391, 68, 23236, 4264.021148036254, 37721767.83577307, 53201045.6163142
0, 0, 0, 0, 0, 0, 0, 0, 0, 0, 0, 0, 0, 0, 0, 0, 0, 0, 0, 0, 0, 0, 0, 0, 0, 0, 0
0, 0, 0, 0, 0, 0, 0, 0, 0, 0, 0, 0, 0, 0, 0, 0, 0, 0, 0, 0, 0, 0, 0, 0, 0, 0, 0
0, 0, 1, 76, 76, 76, 76.0, 0.0, 5776.0, 0, 0, 0, 0, 0, 0, 0, 0, 0, 0, 0, 1, 76, 76, 76, 76.0, 0.0, 5776.0
0, 0, 5, 1382, 68, 585, 276.4, 63497.840000000004, 139894.8, 0, 0, 2, 152, 76, 76, 76.0, 0.0, 5776.0, 0, 0, 7, 1534, 68, 585, 219.14285714285714, 45192.666666666664, 101575.14285714286
0, 0, 7, 1463, 68, 805, 209.0, 61586.857142857145, 105267.85714285714, 0, 0, 4, 795, 68, 317, 198.75, 7789.1875, 47290.75, 0, 0, 11, 2258, 68, 805, 205.27272727272728, 32920.91555555556, 84185.27272727272
0, 0, 0, 0, 0, 0, 0, 0, 0, 0, 0, 1, 68, 68, 68, 68.0, 0.0, 4624.0, 0, 0, 1, 68, 68, 68, 68.0, 0.0, 4624.0
0, 0, 0, 0, 0, 0, 0, 0, 0, 0, 0, 0, 0, 0, 0, 0, 0, 0, 0, 0, 0, 0, 0, 0, 0, 0, 0
0, 0, 1, 216, 216, 216, 216.0, 0.0, 46656.0, 0, 0, 0, 0, 0, 0, 0, 0, 0, 0, 0, 1, 216, 216, 216, 216.0, 0.0, 46656.0
0, 0, 0, 0, 0, 0, 0, 0, 0, 0, 0, 0, 0, 0, 0, 0, 0, 0, 0, 0, 0, 0, 0, 0, 0, 0, 0
0, 0, 9, 1137, 68, 593, 126.33333333333333, 27222.222222222226, 43182.333333333336, 0, 0, 9, 66466, 68, 16481, 7385.111111111111, 33094932.320987657, 87634798.44444445, 0, 0, 18, 67603, 68, 16481, 3755.722222222222, 33781218.91632373, 43838990.38888889
0, 0, 64, 5025, 68, 593, 78.515625, 4538.312255859375, 10703.015625, 0, 0, 155, 1380006, 68, 23448, 8903.264516129033, 51179214.3235796, 130447333.36774194, 0, 0, 219, 1385031, 68, 23448, 6324.342465753424, 53468003.1361277, 92328866.05022831
0, 0, 0, 0, 0, 0, 0, 0, 0, 0, 0, 0, 0, 0, 0, 0, 0, 0, 0, 0, 0, 0, 0, 0, 0, 0, 0
0, 0, 0, 0, 0, 0, 0, 0, 0, 0, 0, 0, 0, 0, 0, 0, 0, 0, 0, 0, 0, 0, 0, 0, 0, 0, 0
0, 0, 1, 216, 216, 216, 216.0, 0.0, 46656.0, 0, 0, 0, 0, 0, 0, 0, 0, 0, 0, 0, 1, 216, 216, 216, 216.0, 0.0, 46656.0
0, 0, 0, 0, 0, 0, 0, 0, 0, 0, 0, 0, 0, 0, 0, 0, 0, 0, 0, 0, 0, 0, 0, 0, 0, 0, 0
0, 0, 0, 0, 0, 0, 0, 0, 0, 0, 0, 0, 0, 0, 0, 0, 0, 0, 0, 0, 0, 0, 0, 0, 0, 0, 0
0, 0, 0, 0, 0, 0, 0, 0, 0, 0, 0, 0, 0, 0, 0, 0, 0, 0, 0, 0, 0, 0, 0, 0, 0, 0, 0
0, 0, 0, 0, 0, 0, 0, 0, 0, 0, 0, 0, 0, 0, 0, 0, 0, 0, 0, 0, 0, 0, 0, 0, 0, 0, 0
0, 0, 0, 0, 0, 0, 0, 0, 0, 0, 0, 0, 0, 0, 0, 0, 0, 0, 0, 0, 0, 0, 0, 0, 0, 0, 0
0, 0, 0, 0, 0, 0, 0, 0, 0, 0, 0, 0, 0, 0, 0, 0, 0, 0, 0, 0, 0, 0, 0, 0, 0, 0, 0
0, 0, 89, 7102, 68, 593, 79.79775280898876, 6054.633253377101, 12422.314606741573, 0, 0, 328, 1342535, 68, 23236, 4093.0945121951218, 27100955.859969877, 43854378.54573171, 0, 0, 417, 1349637, 68, 23236, 3236.539568345324, 25558390.10288906, 34497222.41966427
0, 0, 0, 0, 0, 0, 0, 0, 0, 0, 0, 0, 0, 0, 0, 0, 0, 0, 0, 0, 0, 0, 0, 0, 0, 0, 0
0, 0, 0, 0, 0, 0, 0, 0, 0, 0, 0, 0, 0, 0, 0, 0, 0, 0, 0, 0, 0, 0, 0, 0, 0, 0, 0
0, 0, 0, 0, 0, 0, 0, 0, 0, 0, 0, 0, 0, 0, 0, 0, 0, 0, 0, 0, 0, 0, 0, 0, 0, 0, 0
0, 0, 0, 0, 0, 0, 0, 0, 0, 0, 0, 0, 0, 0, 0, 0, 0, 0, 0, 0, 0, 0, 0, 0, 0, 0, 0
0, 0, 0, 0, 0, 0, 0, 0, 0, 0, 0, 0, 0, 0, 0, 0, 0, 0, 0, 0, 0, 0, 0, 0, 0, 0, 0
0, 0, 6, 1033, 68, 654, 172.16666666666666, 46635.472222222226, 76276.83333333333, 0, 0, 7, 794, 68, 347, 113.42857142857143, 9273.673469387753, 22139.714285714286, 0, 0, 13, 1827, 68, 654, 140.53846153846155, 21206.747500000005, 47126.07692307692
0, 0, 5, 340, 68, 68, 68.0, 0.0, 4624.0, 0, 0, 5, 643, 68, 309, 128.6, 8328.24, 24866.2, 0, 0, 10, 983, 68, 309, 98.3, 6368.240000000002, 14745.1
0, 0, 0, 0, 0, 0, 0, 0, 0, 0, 0, 0, 0, 0, 0, 0, 0, 0, 0, 0, 0, 0, 0, 0, 0, 0, 0
0, 0, 0, 0, 0, 0, 0, 0, 0, 0, 0, 0, 0, 0, 0, 0, 0, 0, 0, 0, 0, 0, 0, 0, 0, 0, 0
0, 0, 0, 0, 0, 0, 0, 0, 0, 0, 0, 0, 0, 0, 0, 0, 0, 0, 0, 0, 0, 0, 0, 0, 0, 0, 0
0, 0, 0, 0, 0, 0, 0, 0, 0, 0, 0, 0, 0, 0, 0, 0, 0, 0, 0, 0, 0, 0, 0, 0, 0, 0, 0
0, 0, 76, 6218, 68, 593, 81.8157894736842, 7062.413434903043, 13756.236842105263, 0, 0, 159, 1257527, 68, 23236, 7908.974842767296, 47038438.75408409, 109590321.81761007, 0, 0, 235, 1263745, 68, 23236, 5377.63829787234, 47504380.55569584, 74152794.22553192
0, 0, 0, 0, 0, 0, 0, 0, 0, 0, 0, 0, 0, 0, 0, 0, 0, 0, 0, 0, 0, 0, 0, 0, 0, 0, 0
0, 0, 0, 0, 0, 0, 0, 0, 0, 0, 0, 0, 0, 0, 0, 0, 0, 0, 0, 0, 0, 0, 0, 0, 0, 0, 0
0, 0, 0, 0, 0, 0, 0, 0, 0, 0, 0, 0, 0, 0, 0, 0, 0, 0, 0, 0, 0, 0, 0, 0, 0, 0, 0
0, 0, 0, 0, 0, 0, 0, 0, 0, 0, 0, 0, 0, 0, 0, 0, 0, 0, 0, 0, 0, 0, 0, 0, 0, 0, 0
0, 0, 0, 0, 0, 0, 0, 0, 0, 0, 0, 0, 0, 0, 0, 0, 0, 0, 0, 0, 0, 0, 0, 0, 0, 0, 0
0, 0, 0, 0, 0, 0, 0, 0, 0, 0, 0, 0, 0, 0, 0, 0, 0, 0, 0, 0, 0, 0, 0, 0, 0, 0, 0
0, 0, 0, 0, 0, 0, 0, 0, 0, 0, 0, 0, 0, 0, 0, 0, 0, 0, 0, 0, 0, 0, 0, 0, 0, 0, 0
0, 0, 0, 0, 0, 0, 0, 0, 0, 0, 0, 0, 0, 0, 0, 0, 0, 0, 0, 0, 0, 0, 0, 0, 0, 0, 0
0, 0, 12, 2655, 68, 727, 221.25, 71425.35416666667, 120376.91666666667, 0, 0, 9, 67115, 233, 16481, 7457.222222222223, 34125403.50617284, 89735566.77777778, 0, 0, 21, 69770, 68, 16481, 3322.3809523809523, 33070042.80555556, 38526886.85714286
0, 0, 12, 4659, 68, 2964, 388.25, 628739.5208333334, 779477.5833333334, 0, 0, 9, 1627, 68, 362, 180.77777777777777, 14501.728395061727, 47182.333333333336, 0, 0, 21, 6286, 68, 2964, 299.3333333333333, 270527.5788888889, 465636.7619047619
0, 0, 69, 5217, 68, 593, 75.6086956521739, 3936.672967863891, 9653.347826086956, 0, 0, 152, 1278297, 1516, 23236, 8409.848684210527, 47330523.10210353, 118056077.99342105, 0, 0, 221, 1283514, 68, 23236, 5807.755656108598, 49047917.000208445, 81199954.46153846
0, 0, 4, 805, 68, 585, 201.25, 49098.6875, 89600.25, 0, 0, 1, 76, 76, 76, 76.0, 0.0, 5776.0, 0, 0, 5, 881, 68, 585, 176.2, 36218.583333333336, 72835.4
0, 0, 5, 1644, 68, 804, 328.8, 94300.55999999998, 202410.0, 0, 0, 2, 281, 76, 205, 140.5, 4160.25, 23900.5, 0, 0, 7, 1925, 68, 804, 275.0, 62992.98765432098, 151407.2857142857
0, 0, 3, 255, 68, 119, 85.0, 578.0, 7803.0, 0, 0, 3, 590, 68, 317, 196.66666666666666, 10368.222222222223, 49046.0, 0, 0, 6, 845, 68, 317, 140.83333333333334, 9875.802469135802, 28424.5
0, 0, 0, 0, 0, 0, 0, 0, 0, 0, 0, 1, 68, 68, 68, 68.0, 0.0, 4624.0, 0, 0, 1, 68, 68, 68, 68.0, 0.0, 4624.0
0, 0, 0, 0, 0, 0, 0, 0, 0, 0, 0, 0, 0, 0, 0, 0, 0, 0, 0, 0, 0, 0, 0, 0, 0, 0, 0
0, 0, 0, 0, 0, 0, 0, 0, 0, 0, 0, 0, 0, 0, 0, 0, 0, 0, 0, 0, 0, 0, 0, 0, 0, 0, 0
0, 0, 0, 0, 0, 0, 0, 0, 0, 0, 0, 0, 0, 0, 0, 0, 0, 0, 0, 0, 0, 0, 0, 0, 0, 0, 0
0, 0, 0, 0, 0, 0, 0, 0, 0, 0, 0, 0, 0, 0, 0, 0, 0, 0, 0, 0, 0, 0, 0, 0, 0, 0, 0
0, 0, 0, 0, 0, 0, 0, 0, 0, 0, 0, 0, 0, 0, 0, 0, 0, 0, 0, 0, 0, 0, 0, 0, 0, 0, 0
0, 0, 18, 1749, 68, 593, 97.16666666666667, 14461.805555555555, 23903.166666666668, 0, 0, 41, 68824, 1422, 2964, 1678.6341463414635, 189796.52468768595, 3007609.1219512196, 0, 0, 59, 70573, 68, 2964, 1196.1525423728813, 527389.6891, 2097325.9491525423
0, 0, 61, 4673, 68, 593, 76.60655737704919, 4444.3697930663775, 10312.934426229509, 0, 0, 162, 1380043, 68, 26132, 8518.783950617284, 47323032.20640908, 119892712.2037037, 0, 0, 223, 1384716, 68, 26132, 6209.488789237668, 49328836.508510716, 87099768.9058296
0, 0, 0, 0, 0, 0, 0, 0, 0, 0, 0, 0, 0, 0, 0, 0, 0, 0, 0, 0, 0, 0, 0, 0, 0, 0, 0
0, 0, 0, 0, 0, 0, 0, 0, 0, 0, 0, 0, 0, 0, 0, 0, 0, 0, 0, 0, 0, 0, 0, 0, 0, 0, 0
0, 0, 0, 0, 0, 0, 0, 0, 0, 0, 0, 0, 0, 0, 0, 0, 0, 0, 0, 0, 0, 0, 0, 0, 0, 0, 0
0, 0, 0, 0, 0, 0, 0, 0, 0, 0, 0, 0, 0, 0, 0, 0, 0, 0, 0, 0, 0, 0, 0, 0, 0, 0, 0
0, 0, 2, 136, 68, 68, 68.0, 0.0, 4624.0, 0, 0, 2, 136, 68, 68, 68.0, 0.0, 4624.0, 0, 0, 4, 272, 68, 68, 68.0, 0.0, 4624.0
0, 0, 0, 0, 0, 0, 0, 0, 0, 0, 0, 0, 0, 0, 0, 0, 0, 0, 0, 0, 0, 0, 0, 0, 0, 0, 0
0, 0, 0, 0, 0, 0, 0, 0, 0, 0, 0, 0, 0, 0, 0, 0, 0, 0, 0, 0, 0, 0, 0, 0, 0, 0, 0
0, 0, 0, 0, 0, 0, 0, 0, 0, 0, 0, 0, 0, 0, 0, 0, 0, 0, 0, 0, 0, 0, 0, 0, 0, 0, 0
0, 0, 0, 0, 0, 0, 0, 0, 0, 0, 0, 0, 0, 0, 0, 0, 0, 0, 0, 0, 0, 0, 0, 0, 0, 0, 0
0, 0, 110, 8530, 68, 593, 77.54545454545455, 4920.247933884296, 10933.545454545454, 0, 0, 298, 1446892, 1264, 22192, 4855.342281879195, 29225956.07076258, 52800304.74496644, 0, 0, 408, 1455422, 68, 22192, 3567.2107843137255, 27675616.47616143, 38567876.23529412
0, 0, 5, 340, 68, 68, 68.0, 0.0, 4624.0, 0, 0, 5, 340, 68, 68, 68.0, 0.0, 4624.0, 0, 0, 10, 680, 68, 68, 68.0, 0.0, 4624.0
0, 0, 0, 0, 0, 0, 0, 0, 0, 0, 0, 0, 0, 0, 0, 0, 0, 0, 0, 0, 0, 0, 0, 0, 0, 0, 0
0, 0, 0, 0, 0, 0, 0, 0, 0, 0, 0, 0, 0, 0, 0, 0, 0, 0, 0, 0, 0, 0, 0, 0, 0, 0, 0
0, 0, 2, 136, 68, 68, 68.0, 0.0, 4624.0, 0, 0, 2, 167, 68, 99, 83.5, 240.25, 7212.5, 0, 0, 4, 303, 68, 99, 75.75, 213.55555555555554, 5918.25
0, 0, 1, 68, 68, 68, 68.0, 0.0, 4624.0, 0, 0, 2, 408, 99, 309, 204.0, 11025.0, 52641.0, 0, 0, 3, 476, 68, 309, 158.66666666666666, 11779.36, 36635.333333333336
0, 0, 0, 0, 0, 0, 0, 0, 0, 0, 0, 0, 0, 0, 0, 0, 0, 0, 0, 0, 0, 0, 0, 0, 0, 0, 0
0, 0, 6, 408, 68, 68, 68.0, 0.0, 4624.0, 0, 0, 6, 408, 68, 68, 68.0, 0.0, 4624.0, 0, 0, 12, 816, 68, 68, 68.0, 0.0, 4624.0
0, 0, 0, 0, 0, 0, 0, 0, 0, 0, 0, 0, 0, 0, 0, 0, 0, 0, 0, 0, 0, 0, 0, 0, 0, 0, 0
0, 0, 0, 0, 0, 0, 0, 0, 0, 0, 0, 0, 0, 0, 0, 0, 0, 0, 0, 0, 0, 0, 0, 0, 0, 0, 0
0, 0, 0, 0, 0, 0, 0, 0, 0, 0, 0, 0, 0, 0, 0, 0, 0, 0, 0, 0, 0, 0, 0, 0, 0, 0, 0
0, 0, 12, 1341, 68, 593, 111.75, 21054.6875, 33542.75, 0, 0, 9, 66645, 1516, 17444, 7405.0, 38656276.666666664, 93490301.66666667, 0, 0, 21, 67986, 68, 17444, 3237.4285714285716, 35968146.809999995, 40086439.428571425
0, 0, 68, 5149, 68, 593, 75.72058823529412, 3993.7013408304524, 9727.308823529413, 0, 0, 210, 1228413, 68, 24684, 5849.585714285714, 36250595.918843545, 70468248.94761905, 0, 0, 278, 1233562, 68, 24684, 4437.273381294964, 35197923.08307159, 53233790.41726619
0, 0, 0, 0, 0, 0, 0, 0, 0, 0, 0, 0, 0, 0, 0, 0, 0, 0, 0, 0, 0, 0, 0, 0, 0, 0, 0
0, 0, 0, 0, 0, 0, 0, 0, 0, 0, 0, 0, 0, 0, 0, 0, 0, 0, 0, 0, 0, 0, 0, 0, 0, 0, 0
0, 0, 0, 0, 0, 0, 0, 0, 0, 0, 0, 0, 0, 0, 0, 0, 0, 0, 0, 0, 0, 0, 0, 0, 0, 0, 0
0, 0, 0, 0, 0, 0, 0, 0, 0, 0, 0, 0, 0, 0, 0, 0, 0, 0, 0, 0, 0, 0, 0, 0, 0, 0, 0
0, 0, 0, 0, 0, 0, 0, 0, 0, 0, 0, 0, 0, 0, 0, 0, 0, 0, 0, 0, 0, 0, 0, 0, 0, 0, 0
0, 0, 4, 897, 68, 654, 224.25, 61815.1875, 112103.25, 0, 0, 3, 522, 68, 347, 174.0, 15218.0, 45494.0, 0, 0, 7, 1419, 68, 654, 202.71428571428572, 34462.88999999999, 83556.42857142857
0, 0, 0, 0, 0, 0, 0, 0, 0, 0, 0, 0, 0, 0, 0, 0, 0, 0, 0, 0, 0, 0, 0, 0, 0, 0, 0
0, 0, 0, 0, 0, 0, 0, 0, 0, 0, 0, 0, 0, 0, 0, 0, 0, 0, 0, 0, 0, 0, 0, 0, 0, 0, 0
0, 0, 1, 76, 76, 76, 76.0, 0.0, 5776.0, 0, 0, 0, 0, 0, 0, 0, 0, 0, 0, 0, 1, 76, 76, 76, 76.0, 0.0, 5776.0
0, 0, 3, 729, 68, 585, 243.0, 58492.666666666664, 117541.66666666667, 0, 0, 1, 76, 76, 76, 76.0, 0.0, 5776.0, 0, 0, 4, 805, 68, 585, 201.25, 41788.96000000001, 89600.25
0, 0, 65, 6774, 68, 804, 104.21538461538462, 19655.153609467456, 30516.0, 0, 0, 293, 1417087, 76, 17444, 4836.474402730375, 31213559.484839663, 54605044.1331058, 0, 0, 358, 1423861, 68, 17444, 3977.2653631284916, 30111693.01629302, 44696261.09217877
0, 0, 3, 255, 68, 119, 85.0, 578.0, 7803.0, 0, 0, 3, 590, 68, 317, 196.66666666666666, 10368.222222222223, 49046.0, 0, 0, 6, 845, 68, 317, 140.83333333333334, 9875.802469135802, 28424.5
0, 0, 0, 0, 0, 0, 0, 0, 0, 0, 0, 1, 68, 68, 68, 68.0, 0.0, 4624.0, 0, 0, 1, 68, 68, 68, 68.0, 0.0, 4624.0
0, 0, 0, 0, 0, 0, 0, 0, 0, 0, 0, 0, 0, 0, 0, 0, 0, 0, 0, 0, 0, 0, 0, 0, 0, 0, 0
0, 0, 0, 0, 0, 0, 0, 0, 0, 0, 0, 0, 0, 0, 0, 0, 0, 0, 0, 0, 0, 0, 0, 0, 0, 0, 0
0, 0, 0, 0, 0, 0, 0, 0, 0, 0, 0, 0, 0, 0, 0, 0, 0, 0, 0, 0, 0, 0, 0, 0, 0, 0, 0
0, 0, 7, 476, 68, 68, 68.0, 0.0, 4624.0, 0, 0, 7, 476, 68, 68, 68.0, 0.0, 4624.0, 0, 0, 14, 952, 68, 68, 68.0, 0.0, 4624.0
0, 0, 0, 0, 0, 0, 0, 0, 0, 0, 0, 0, 0, 0, 0, 0, 0, 0, 0, 0, 0, 0, 0, 0, 0, 0, 0
0, 0, 0, 0, 0, 0, 0, 0, 0, 0, 0, 0, 0, 0, 0, 0, 0, 0, 0, 0, 0, 0, 0, 0, 0, 0, 0
0, 0, 0, 0, 0, 0, 0, 0, 0, 0, 0, 0, 0, 0, 0, 0, 0, 0, 0, 0, 0, 0, 0, 0, 0, 0, 0
0, 0, 0, 0, 0, 0, 0, 0, 0, 0, 0, 0, 0, 0, 0, 0, 0, 0, 0, 0, 0, 0, 0, 0, 0, 0, 0
0, 0, 87, 6966, 68, 593, 80.06896551724138, 6190.546967895366, 12601.586206896553, 0, 0, 150, 1446720, 1516, 23236, 9644.8, 52158864.333333336, 145181031.37333333, 0, 0, 236, 1453618, 68, 23236, 6159.3983050847455, 56380200.2764638, 92280705.16949153
0, 0, 0, 0, 0, 0, 0, 0, 0, 0, 0, 0, 0, 0, 0, 0, 0, 0, 0, 0, 0, 0, 0, 0, 0, 0, 0
0, 0, 0, 0, 0, 0, 0, 0, 0, 0, 0, 0, 0, 0, 0, 0, 0, 0, 0, 0, 0, 0, 0, 0, 0, 0, 0
0, 0, 0, 0, 0, 0, 0, 0, 0, 0, 0, 0, 0, 0, 0, 0, 0, 0, 0, 0, 0, 0, 0, 0, 0, 0, 0
0, 0, 0, 0, 0, 0, 0, 0, 0, 0, 0, 0, 0, 0, 0, 0, 0, 0, 0, 0, 0, 0, 0, 0, 0, 0, 0
0, 0, 0, 0, 0, 0, 0, 0, 0, 0, 0, 0, 0, 0, 0, 0, 0, 0, 0, 0, 0, 0, 0, 0, 0, 0, 0
0, 0, 0, 0, 0, 0, 0, 0, 0, 0, 0, 0, 0, 0, 0, 0, 0, 0, 0, 0, 0, 0, 0, 0, 0, 0, 0
0, 0, 0, 0, 0, 0, 0, 0, 0, 0, 0, 0, 0, 0, 0, 0, 0, 0, 0, 0, 0, 0, 0, 0, 0, 0, 0
0, 0, 0, 0, 0, 0, 0, 0, 0, 0, 0, 0, 0, 0, 0, 0, 0, 0, 0, 0, 0, 0, 0, 0, 0, 0, 0
0, 0, 0, 0, 0, 0, 0, 0, 0, 0, 0, 0, 0, 0, 0, 0, 0, 0, 0, 0, 0, 0, 0, 0, 0, 0, 0
0, 0, 0, 0, 0, 0, 0, 0, 0, 0, 0, 0, 0, 0, 0, 0, 0, 0, 0, 0, 0, 0, 0, 0, 0, 0, 0
0, 0, 9, 1137, 68, 593, 126.33333333333333, 27222.222222222226, 43182.333333333336, 0, 0, 8, 66576, 2964, 17444, 8322.0, 35849382.75, 105105066.75, 0, 0, 17, 67713, 68, 17444, 3983.1176470588234, 38429131.5264, 49484069.11764706
0, 0, 67, 5081, 68, 593, 75.83582089552239, 4052.405881042547, 9803.477611940298, 0, 0, 151, 1357503, 68, 23236, 8990.086092715232, 51337373.58861453, 132159021.54304636, 0, 0, 217, 1362516, 68, 23236, 6278.875576036867, 53826217.44121425, 91966195.67741935
0, 0, 1, 68, 68, 68, 68.0, 0.0, 4624.0, 0, 0, 3, 476, 68, 309, 158.66666666666666, 11460.22222222222, 36635.333333333336, 0, 0, 4, 544, 68, 309, 136.0, 10829.632653061224, 28632.5
0, 0, 0, 0, 0, 0, 0, 0, 0, 0, 0, 0, 0, 0, 0, 0, 0, 0, 0, 0, 0, 0, 0, 0, 0, 0, 0
0, 0, 0, 0, 0, 0, 0, 0, 0, 0, 0, 0, 0, 0, 0, 0, 0, 0, 0, 0, 0, 0, 0, 0, 0, 0, 0
0, 0, 0, 0, 0, 0, 0, 0, 0, 0, 0, 0, 0, 0, 0, 0, 0, 0, 0, 0, 0, 0, 0, 0, 0, 0, 0
0, 0, 0, 0, 0, 0, 0, 0, 0, 0, 0, 0, 0, 0, 0, 0, 0, 0, 0, 0, 0, 0, 0, 0, 0, 0, 0
0, 0, 0, 0, 0, 0, 0, 0, 0, 0, 0, 0, 0, 0, 0, 0, 0, 0, 0, 0, 0, 0, 0, 0, 0, 0, 0
0, 0, 0, 0, 0, 0, 0, 0, 0, 0, 0, 0, 0, 0, 0, 0, 0, 0, 0, 0, 0, 0, 0, 0, 0, 0, 0
0, 0, 0, 0, 0, 0, 0, 0, 0, 0, 0, 0, 0, 0, 0, 0, 0, 0, 0, 0, 0, 0, 0, 0, 0, 0, 0
0, 0, 0, 0, 0, 0, 0, 0, 0, 0, 0, 0, 0, 0, 0, 0, 0, 0, 0, 0, 0, 0, 0, 0, 0, 0, 0
0, 0, 3, 729, 68, 593, 243.0, 61250.0, 120299.0, 0, 0, 0, 0, 0, 0, 0, 0, 0, 0, 0, 3, 729, 68, 593, 243.0, 61250.0, 120299.0
0, 0, 73, 5489, 68, 593, 75.1917808219178, 3723.9632201163417, 9377.767123287671, 0, 0, 128, 1065106, 68, 20340, 8321.140625, 44260614.04272461, 113501995.34375, 0, 0, 201, 1070595, 68, 20340, 5326.3432835820895, 46180269.21650762, 72283283.4875622
0, 0, 0, 0, 0, 0, 0, 0, 0, 0, 0, 0, 0, 0, 0, 0, 0, 0, 0, 0, 0, 0, 0, 0, 0, 0, 0
0, 0, 0, 0, 0, 0, 0, 0, 0, 0, 0, 0, 0, 0, 0, 0, 0, 0, 0, 0, 0, 0, 0, 0, 0, 0, 0
0, 0, 0, 0, 0, 0, 0, 0, 0, 0, 0, 0, 0, 0, 0, 0, 0, 0, 0, 0, 0, 0, 0, 0, 0, 0, 0
0, 0, 0, 0, 0, 0, 0, 0, 0, 0, 0, 0, 0, 0, 0, 0, 0, 0, 0, 0, 0, 0, 0, 0, 0, 0, 0
0, 0, 0, 0, 0, 0, 0, 0, 0, 0, 0, 0, 0, 0, 0, 0, 0, 0, 0, 0, 0, 0, 0, 0, 0, 0, 0
0, 0, 1, 76, 76, 76, 76.0, 0.0, 5776.0, 0, 0, 0, 0, 0, 0, 0, 0, 0, 0, 0, 1, 76, 76, 76, 76.0, 0.0, 5776.0
0, 0, 5, 1382, 68, 585, 276.4, 63497.840000000004, 139894.8, 0, 0, 2, 152, 76, 76, 76.0, 0.0, 5776.0, 0, 0, 7, 1534, 68, 585, 219.14285714285714, 45192.666666666664, 101575.14285714286
0, 0, 5, 1178, 68, 804, 235.6, 81289.84, 136797.2, 0, 0, 4, 795, 68, 317, 198.75, 7789.1875, 47290.75, 0, 0, 9, 1973, 68, 804, 219.22222222222223, 36380.07100591716, 97016.55555555556
0, 0, 7, 1001, 68, 593, 143.0, 33750.0, 54199.0, 0, 0, 6, 66118, 68, 17444, 11019.666666666666, 47212016.22222223, 168645069.66666666, 0, 0, 13, 67119, 68, 17444, 5163.0, 57357856.4598338, 77865370.07692307
0, 0, 0, 0, 0, 0, 0, 0, 0, 0, 0, 0, 0, 0, 0, 0, 0, 0, 0, 0, 0, 0, 0, 0, 0, 0, 0
0, 0, 59, 4537, 68, 593, 76.89830508474576, 4592.430336110313, 10505.77966101695, 0, 0, 113, 1165235, 1516, 23236, 10311.814159292035, 57266331.90351633, 163599843.15929204, 0, 0, 172, 1169772, 68, 23236, 6801.0, 62608616.343810394, 107484896.03488372
0, 0, 0, 0, 0, 0, 0, 0, 0, 0, 0, 0, 0, 0, 0, 0, 0, 0, 0, 0, 0, 0, 0, 0, 0, 0, 0
0, 0, 0, 0, 0, 0, 0, 0, 0, 0, 0, 0, 0, 0, 0, 0, 0, 0, 0, 0, 0, 0, 0, 0, 0, 0, 0
0, 0, 0, 0, 0, 0, 0, 0, 0, 0, 0, 0, 0, 0, 0, 0, 0, 0, 0, 0, 0, 0, 0, 0, 0, 0, 0
0, 0, 0, 0, 0, 0, 0, 0, 0, 0, 0, 0, 0, 0, 0, 0, 0, 0, 0, 0, 0, 0, 0, 0, 0, 0, 0
0, 0, 4, 897, 68, 654, 224.25, 61815.1875, 112103.25, 0, 0, 3, 522, 68, 347, 174.0, 15218.0, 45494.0, 0, 0, 7, 1419, 68, 654, 202.71428571428572, 34462.88999999999, 83556.42857142857
